TripID,Timestamp,Latitude,Longitude,Origin,Destination,Mode,Speed_kmh,Distance_m,Duration_s,DayOfWeek,Hour,AgeGroup,Gender,Weather
1,2025-08-13 04:53:14,31.969901,35.924745,Cafe,Airport,car,37.51,20992.9,2026,Wednesday,4,<18,M,sunny
2,2025-06-18 21:44:55,31.950852,35.940664,Market,Airport,bus,36.68,24733.6,2374,Wednesday,21,18-24,M,sunny
3,2025-07-11 09:47:19,31.974431,35.921227,Park,University,car,39.55,22628.2,2018,Friday,9,25-34,F,sunny
4,2025-07-06 17:51:38,32.000691,35.935761,Market,Station,walk,4.8,428.2,357,Sunday,17,35-44,F,sunny
5,2025-08-21 22:30:12,31.947975,35.888192,Park,Cafe,walk,3.14,1614.3,1879,Thursday,22,18-24,F,sunny
6,2025-08-16 13:23:47,31.947976,35.951399,Cafe,Airport,car,47.76,24153.5,1845,Saturday,13,25-34,M,sunny
7,2025-09-04 22:50:00,32.002376,35.945036,Hospital,Park,scooter,20.69,3203.4,509,Thursday,22,25-34,M,sunny
8,2025-06-24 11:30:48,31.978023,35.920487,Park,University,walk,6.84,1637.9,812,Tuesday,11,45-54,F,sunny
9,2025-07-24 15:04:36,31.940916,35.964777,Mall,Market,walk,4.29,449.5,402,Thursday,15,25-34,M,cloudy
10,2025-06-19 08:05:15,31.971277,35.973127,Cafe,Park,taxi,31.2,20552.1,2355,Thursday,8,18-24,M,sunny
11,2025-07-06 07:59:00,31.941097,35.896773,Cafe,Hospital,walk,6.3,889.6,551,Sunday,7,25-34,F,cloudy
12,2025-08-01 03:17:34,31.941028,35.922118,Hospital,Station,bus,40.58,5806.5,524,Friday,3,35-44,M,sunny
13,2025-06-19 01:02:35,31.962259,35.921926,Station,Cafe,car,40.17,12802.2,1139,Thursday,1,18-24,M,sunny
14,2025-07-04 13:12:53,31.897602,35.916803,Home,Station,walk,6.06,1218.8,760,Friday,13,25-34,F,sunny
15,2025-08-14 03:28:33,31.903252,35.969884,Home,Station,scooter,18.41,4352.5,866,Thursday,3,<18,F,windy
16,2025-08-04 16:47:56,31.938131,35.939185,Station,University,walk,4.68,531.7,378,Monday,16,<18,M,sunny
17,2025-07-06 11:52:38,31.924615,35.937065,Cafe,Station,car,44.28,16392.0,1342,Sunday,11,25-34,M,sunny
18,2025-08-08 16:32:21,31.964427,35.884884,Work,Home,bike,14.16,4126.0,995,Friday,16,18-24,F,cloudy
19,2025-08-28 12:05:43,31.927759,35.964063,Mall,Park,walk,5.32,313.2,258,Thursday,12,35-44,F,windy
20,2025-06-17 05:45:46,31.912631,35.907822,Airport,Cafe,walk,5.13,1683.7,1170,Tuesday,5,25-34,F,hot
21,2025-08-28 04:17:42,31.998969,35.946798,Airport,Park,walk,3.68,664.6,694,Thursday,4,25-34,M,sunny
22,2025-08-18 11:42:23,31.948227,35.953321,Hospital,Market,walk,5.31,1016.5,695,Monday,11,25-34,M,sunny
23,2025-07-17 06:39:59,31.957026,35.98582,Mall,Station,bus,21.44,22325.4,3741,Thursday,6,25-34,F,cloudy
24,2025-06-30 15:33:40,31.912258,35.905735,Home,Station,car,47.95,20855.5,1573,Monday,15,<18,F,sunny
25,2025-09-10 19:18:20,31.938669,35.854415,Park,Hospital,car,51.03,26214.3,1876,Wednesday,19,45-54,F,cloudy
26,2025-07-16 22:46:11,31.958328,35.950515,Park,Station,car,38.44,14650.0,1422,Wednesday,22,55+,M,rain
27,2025-06-25 00:03:23,31.92047,35.999015,Airport,Station,scooter,28.31,5026.2,698,Wednesday,0,18-24,M,cloudy
28,2025-06-25 08:37:58,31.966271,35.982168,Cafe,Park,scooter,26.51,1686.4,229,Wednesday,8,18-24,M,sunny
29,2025-08-31 22:18:48,31.936981,35.95129,Home,Park,car,42.78,26169.4,2215,Sunday,22,18-24,F,sunny
30,2025-08-09 23:46:25,31.946249,35.930251,Mall,Work,bus,27.92,27608.1,3611,Saturday,23,35-44,F,cloudy
31,2025-08-28 07:07:21,31.936949,35.969214,Cafe,Work,car,50.03,6884.9,465,Thursday,7,35-44,M,sunny
32,2025-08-21 07:56:46,32.010568,35.915794,Market,Park,car,56.86,13419.3,849,Thursday,7,35-44,M,sunny
33,2025-08-03 21:58:41,31.954595,35.959291,Station,Cafe,car,43.58,1538.8,105,Sunday,21,35-44,M,sunny
34,2025-09-12 05:39:20,31.923269,35.960164,Airport,Airport,car,58.84,28653.1,1703,Friday,5,25-34,M,sunny
35,2025-07-20 17:21:35,31.979676,35.976806,Home,Hospital,car,35.23,18877.3,1918,Sunday,17,25-34,F,sunny
36,2025-08-05 08:07:59,31.918375,36.02779,Hospital,Market,car,46.87,27773.9,2188,Tuesday,8,35-44,F,rain
37,2025-08-30 07:14:22,31.961266,35.956772,Park,Airport,taxi,40.07,14231.0,1327,Saturday,7,25-34,M,sunny
38,2025-08-11 07:43:41,31.89621,35.929731,Park,Work,bus,22.61,17587.8,2831,Monday,7,25-34,M,sunny
39,2025-09-02 05:00:44,31.915154,35.944233,Cafe,Station,car,36.1,2846.2,227,Tuesday,5,25-34,F,sunny
40,2025-08-07 14:48:22,31.960906,35.891928,Market,Park,car,50.97,2909.3,209,Thursday,14,25-34,M,sunny
41,2025-08-19 01:36:02,31.977154,35.924159,University,Work,bike,14.69,5888.0,1455,Tuesday,1,25-34,M,windy
42,2025-06-20 18:42:22,31.960141,35.932722,University,Station,walk,4.38,487.1,455,Friday,18,25-34,F,rain
43,2025-07-07 03:59:08,31.951531,35.929277,Home,Home,car,53.58,8400.9,570,Monday,3,35-44,F,sunny
44,2025-07-12 16:48:12,31.945967,35.949571,Mall,University,car,50.63,18416.2,1351,Saturday,16,25-34,F,cloudy
45,2025-06-23 20:04:34,31.910644,35.920327,Mall,Station,walk,4.58,739.8,594,Monday,20,25-34,M,sunny
46,2025-07-07 14:33:13,31.933405,35.978631,Mall,Airport,bus,45.58,25527.8,2042,Monday,14,35-44,M,hot
47,2025-06-25 17:53:19,31.941181,35.945006,Work,Mall,car,39.44,12360.3,1147,Wednesday,17,25-34,M,sunny
48,2025-07-11 16:08:54,31.986714,35.944721,University,Station,car,43.63,14463.7,1151,Friday,16,18-24,M,sunny
49,2025-08-12 20:48:14,31.965309,35.935163,Cafe,Cafe,walk,5.12,724.5,464,Tuesday,20,<18,F,sunny
50,2025-07-19 11:45:46,31.902109,35.949656,Airport,Mall,walk,4.05,330.7,329,Saturday,11,25-34,M,rain
51,2025-07-19 23:18:59,31.964723,35.969753,Park,Home,bus,28.93,17267.8,2145,Saturday,23,25-34,F,sunny
52,2025-07-05 12:15:38,31.943448,35.918986,Park,Cafe,car,39.91,4066.3,328,Saturday,12,55+,M,cloudy
53,2025-07-10 16:23:51,31.934692,35.925257,Airport,Cafe,taxi,22.43,15313.7,2418,Thursday,16,25-34,M,sunny
54,2025-09-08 22:53:58,31.97335,35.935888,Park,Home,taxi,43.11,13662.3,1107,Monday,22,25-34,F,windy
55,2025-08-13 23:28:55,31.98593,35.904624,Market,Work,car,49.19,4668.2,384,Wednesday,23,18-24,M,sunny
56,2025-08-10 11:26:54,31.982938,35.920422,University,Hospital,bike,11.82,898.0,237,Sunday,11,18-24,M,windy
57,2025-07-02 01:23:06,31.929823,35.930713,University,Home,bus,35.73,20944.0,2066,Wednesday,1,35-44,M,sunny
58,2025-08-21 06:38:21,31.945724,35.971232,Work,Airport,taxi,51.56,14565.9,962,Thursday,6,18-24,M,sunny
59,2025-07-01 08:40:29,31.964938,35.952877,Market,Mall,car,11.24,12393.9,3963,Tuesday,8,25-34,M,hot
60,2025-07-20 19:20:57,31.984266,35.950808,Home,Station,bus,29.05,20988.2,2550,Sunday,19,35-44,M,hot
61,2025-09-13 17:05:45,31.940625,35.970527,University,Hospital,bus,45.4,29025.9,2328,Saturday,17,25-34,F,cloudy
62,2025-08-13 06:07:30,31.94943,35.940879,Airport,Mall,car,42.86,11951.2,998,Wednesday,6,45-54,F,sunny
63,2025-08-05 18:44:13,31.92181,35.956714,Airport,Home,car,22.04,16559.5,2669,Tuesday,18,25-34,M,sunny
64,2025-08-17 06:29:32,31.919114,35.941903,Airport,Hospital,bus,20.17,19227.4,3476,Sunday,6,18-24,M,sunny
65,2025-08-31 12:17:08,31.979376,35.952961,Airport,Cafe,car,43.32,27061.0,2268,Sunday,12,45-54,F,sunny
66,2025-08-25 11:53:07,31.995687,35.927517,Mall,Work,walk,5.79,1447.4,857,Monday,11,45-54,M,sunny
67,2025-07-07 06:28:09,31.95284,35.871835,Work,University,car,40.78,28943.0,2601,Monday,6,18-24,F,sunny
68,2025-06-19 13:03:43,31.985106,35.940972,Mall,University,walk,5.33,400.5,286,Thursday,13,<18,F,cloudy
69,2025-07-15 01:06:14,31.965849,35.987682,Station,Home,walk,5.13,1968.6,1354,Tuesday,1,18-24,M,cloudy
70,2025-07-10 18:02:45,31.935646,35.972786,Home,Market,scooter,16.96,4467.2,928,Thursday,18,18-24,F,sunny
71,2025-07-05 15:26:54,31.965842,35.973962,Airport,Work,walk,5.13,1332.7,991,Saturday,15,55+,F,sunny
72,2025-09-09 12:24:37,32.001141,35.982084,Station,University,walk,3.23,698.8,811,Tuesday,12,25-34,F,sunny
73,2025-09-03 12:40:46,31.953925,35.94766,Market,Market,car,36.93,10475.0,1078,Wednesday,12,25-34,M,cloudy
74,2025-07-14 23:25:47,32.001939,35.950919,Airport,Cafe,car,45.85,11774.7,967,Monday,23,45-54,M,sunny
75,2025-08-14 15:28:23,31.876408,35.92647,Market,Hospital,car,31.56,23096.9,2582,Thursday,15,25-34,F,cloudy
76,2025-07-22 06:17:25,31.979657,35.935518,Station,University,walk,4.73,794.1,555,Tuesday,6,25-34,M,sunny
77,2025-09-06 23:08:54,31.957611,35.963473,Airport,Cafe,walk,5.22,840.1,568,Saturday,23,45-54,F,sunny
78,2025-07-27 22:50:43,31.94603,35.981117,University,Cafe,walk,7.22,1085.2,552,Sunday,22,35-44,M,cloudy
79,2025-07-10 11:52:00,31.957753,35.940817,Work,Hospital,car,50.56,3696.4,253,Thursday,11,35-44,M,cloudy
80,2025-07-08 20:26:27,31.895373,35.931494,Work,University,bike,10.47,5158.4,1783,Tuesday,20,25-34,F,sunny
81,2025-08-06 04:16:50,31.94841,35.945016,Park,Cafe,taxi,61.43,13370.5,764,Wednesday,4,35-44,F,sunny
82,2025-07-10 07:14:50,31.965713,35.963036,Market,Cafe,car,54.4,3096.3,253,Thursday,7,18-24,F,windy
83,2025-08-08 06:25:52,31.999337,35.901684,Cafe,Home,walk,5.29,319.9,192,Friday,6,25-34,F,sunny
84,2025-09-05 11:01:22,31.939452,35.876115,University,Mall,car,48.63,15817.0,1176,Friday,11,55+,M,rain
85,2025-07-22 14:25:50,31.930745,35.928484,Hospital,Work,car,32.82,18598.9,2038,Tuesday,14,18-24,M,cloudy
86,2025-07-06 09:27:30,31.939947,35.908379,Airport,Mall,car,39.96,24441.5,2258,Sunday,9,35-44,F,cloudy
87,2025-09-14 10:24:24,31.982462,35.929756,Cafe,Park,bike,12.68,6967.2,2029,Sunday,10,25-34,M,sunny
88,2025-08-01 12:18:08,31.964863,35.940567,Market,Work,car,46.48,10933.7,787,Friday,12,<18,F,sunny
89,2025-06-24 20:05:23,31.939107,35.931403,Mall,Hospital,bus,50.22,11410.7,857,Tuesday,20,35-44,M,windy
90,2025-06-20 21:29:48,31.970398,35.988574,Station,Station,scooter,18.21,7828.1,1576,Friday,21,18-24,M,sunny
91,2025-06-26 12:34:03,31.957912,35.954802,Park,Mall,bike,14.66,5062.8,1262,Thursday,12,25-34,M,sunny
92,2025-08-12 03:00:32,31.984059,35.954014,Mall,Mall,car,40.3,15252.9,1377,Tuesday,3,18-24,M,cloudy
93,2025-08-26 22:37:01,31.933938,35.963666,University,Market,car,36.93,16691.1,1633,Tuesday,22,45-54,F,sunny
94,2025-07-24 15:35:27,31.94517,35.910835,Mall,Airport,scooter,22.93,3506.8,590,Thursday,15,18-24,F,cloudy
95,2025-06-22 08:56:43,31.943237,35.976173,Cafe,Park,scooter,25.71,5234.9,726,Sunday,8,18-24,F,cloudy
96,2025-07-21 00:01:23,31.911095,35.942727,Hospital,Station,walk,4.37,853.5,657,Monday,0,18-24,M,rain
97,2025-09-14 07:20:51,31.963884,35.965114,Market,Airport,walk,5.02,988.1,701,Sunday,7,45-54,M,cloudy
98,2025-08-03 06:36:45,31.962832,35.912844,Home,University,car,47.24,20500.6,1521,Sunday,6,35-44,M,sunny
99,2025-09-12 01:15:17,31.955153,35.898387,Park,Market,walk,3.97,1870.9,1654,Friday,1,35-44,M,sunny
100,2025-09-02 03:00:34,31.947962,35.969537,Mall,Cafe,car,28.33,20677.4,2639,Tuesday,3,25-34,M,cloudy
101,2025-06-17 16:31:28,31.912539,35.956292,Market,Cafe,walk,4.35,1133.2,952,Tuesday,16,25-34,M,sunny
102,2025-08-20 12:29:04,31.942381,35.917938,Work,Airport,car,47.79,29170.5,2211,Wednesday,12,18-24,M,hot
103,2025-08-17 00:13:11,31.944719,35.91891,Cafe,Airport,taxi,30.98,15815.7,1874,Sunday,0,25-34,M,cloudy
104,2025-08-03 23:34:53,31.930932,35.978763,Hospital,Cafe,taxi,35.18,12246.8,1313,Sunday,23,18-24,M,sunny
105,2025-07-10 16:04:04,31.950161,35.909318,Home,Station,car,40.26,23465.6,2050,Thursday,16,55+,M,rain
106,2025-08-13 08:12:10,31.967122,35.99428,Market,Cafe,car,41.88,25912.1,2285,Wednesday,8,35-44,M,sunny
107,2025-06-26 16:40:41,32.011586,35.917981,Market,Home,bus,29.12,7990.1,940,Thursday,16,25-34,M,sunny
108,2025-07-25 18:49:06,31.960237,35.964152,Home,Park,walk,5.06,234.9,179,Friday,18,18-24,F,cloudy
109,2025-07-27 11:46:07,31.962727,35.935141,Airport,Mall,car,25.96,2873.5,437,Sunday,11,35-44,M,rain
110,2025-09-10 11:58:04,31.952767,35.963096,Cafe,Cafe,car,34.16,16366.0,1676,Wednesday,11,18-24,F,sunny
111,2025-09-03 11:34:04,31.897437,35.928677,Park,Home,walk,6.03,115.3,108,Wednesday,11,18-24,M,sunny
112,2025-07-10 08:38:45,31.954205,35.940116,Cafe,Cafe,car,33.41,25433.3,2716,Thursday,8,18-24,F,sunny
113,2025-07-31 16:59:29,31.956807,35.946228,Airport,Station,walk,5.26,497.2,391,Thursday,16,25-34,M,sunny
114,2025-07-02 17:36:48,32.028897,35.914934,Station,University,car,41.17,29842.4,2617,Wednesday,17,35-44,F,sunny
115,2025-09-06 19:00:06,31.949229,35.967225,Cafe,Home,bike,17.24,3208.2,721,Saturday,19,25-34,M,sunny
116,2025-09-03 00:02:44,31.964046,35.929604,Home,Park,car,49.01,16827.5,1220,Wednesday,0,18-24,F,cloudy
117,2025-07-13 12:21:58,31.953959,35.938142,Hospital,Work,walk,6.43,1439.5,857,Sunday,12,25-34,M,windy
118,2025-08-13 03:51:23,31.91994,35.91517,Cafe,Home,bus,42.22,5130.5,429,Wednesday,3,35-44,M,sunny
119,2025-08-10 11:06:04,31.989285,35.86813,Mall,Hospital,car,31.09,8558.2,963,Sunday,11,18-24,F,sunny
120,2025-06-30 09:51:30,31.977558,35.939269,Hospital,Hospital,car,20.52,6006.2,1042,Monday,9,18-24,M,rain
121,2025-08-24 06:44:55,31.978731,36.017378,Park,Work,car,36.45,15309.8,1535,Sunday,6,45-54,F,cloudy
122,2025-08-04 04:47:03,31.927718,35.968538,Home,Airport,car,30.41,2826.3,336,Monday,4,55+,M,windy
123,2025-08-25 17:33:31,31.997084,35.944422,Station,Hospital,walk,4.08,1247.2,1113,Monday,17,55+,M,sunny
124,2025-08-03 09:17:22,31.912944,35.937113,Work,Airport,car,45.44,16362.0,1313,Sunday,9,35-44,F,sunny
125,2025-06-16 16:57:39,31.972606,35.945674,Hospital,Cafe,walk,6.35,394.7,223,Monday,16,18-24,M,sunny
126,2025-07-15 19:54:09,32.020714,35.961414,Airport,Cafe,walk,5.29,128.9,31,Tuesday,19,18-24,M,cloudy
127,2025-06-18 09:47:43,31.925284,35.909576,Hospital,Mall,car,33.8,4347.6,425,Wednesday,9,25-34,F,sunny
128,2025-09-08 06:34:42,31.938011,35.97843,Work,Hospital,walk,5.35,1514.9,994,Monday,6,25-34,F,sunny
129,2025-09-03 17:45:53,31.95799,35.966461,Cafe,Work,car,47.84,27604.8,2068,Wednesday,17,55+,F,sunny
130,2025-08-30 12:07:23,31.939896,35.966546,Mall,Mall,car,26.02,10177.8,1366,Saturday,12,35-44,M,sunny
131,2025-07-14 07:57:21,31.90848,35.958154,Airport,Park,car,37.12,4783.4,482,Monday,7,35-44,M,cloudy
132,2025-06-21 20:50:38,31.957057,35.945588,Work,Home,car,37.93,2804.5,283,Saturday,20,18-24,M,sunny
133,2025-09-03 16:13:34,31.923131,35.965186,Work,Hospital,car,38.62,10305.1,987,Wednesday,16,45-54,M,cloudy
134,2025-09-09 21:08:10,31.969208,35.962754,Mall,Market,car,31.64,21490.3,2473,Tuesday,21,35-44,F,sunny
135,2025-06-24 08:44:13,31.927417,35.934379,Park,Work,car,43.18,16388.5,1357,Tuesday,8,18-24,M,sunny
136,2025-07-30 09:27:53,32.001498,35.927792,Hospital,Work,bike,16.24,1268.3,225,Wednesday,9,45-54,M,sunny
137,2025-06-22 21:13:28,31.931502,35.948056,Cafe,Park,car,30.9,3483.9,395,Sunday,21,18-24,M,sunny
138,2025-08-24 02:37:34,31.945338,35.991471,Hospital,Hospital,car,53.91,25431.5,1751,Sunday,2,18-24,F,sunny
139,2025-08-24 13:55:40,31.979406,35.907827,Home,Station,car,28.61,26272.1,3357,Sunday,13,35-44,F,cloudy
140,2025-06-28 05:03:03,31.918074,35.900974,Airport,Hospital,taxi,33.46,27161.9,2904,Saturday,5,35-44,F,rain
141,2025-07-29 10:20:07,31.961824,35.949943,Station,Station,bus,20.21,24025.9,4307,Tuesday,10,18-24,M,sunny
142,2025-08-05 03:18:04,31.994214,35.946527,Home,Airport,walk,3.37,1493.5,1565,Tuesday,3,25-34,F,sunny
143,2025-07-10 12:14:52,31.906776,35.9502,Work,Work,walk,5.17,1910.4,1276,Thursday,12,55+,F,hot
144,2025-09-03 04:10:51,31.960539,35.952319,Station,Cafe,walk,4.21,598.0,546,Wednesday,4,35-44,M,sunny
145,2025-07-24 17:42:12,31.962796,35.938304,Market,University,walk,6.09,553.7,327,Thursday,17,35-44,M,sunny
146,2025-07-05 17:12:34,31.978455,35.989696,Hospital,Airport,walk,4.01,1501.5,1404,Saturday,17,18-24,M,sunny
147,2025-08-04 04:36:18,31.917891,35.896973,Work,Station,car,33.55,21760.2,2308,Monday,4,18-24,M,cloudy
148,2025-08-21 08:22:35,31.915386,35.920145,Mall,Work,bus,36.07,32860.0,3333,Thursday,8,18-24,F,sunny
149,2025-07-04 18:12:42,31.970658,35.941902,Cafe,Cafe,car,29.5,3667.0,434,Friday,18,18-24,M,sunny
150,2025-07-14 17:01:57,31.96391,35.895704,Market,Market,walk,4.46,1193.2,905,Monday,17,18-24,M,sunny
151,2025-09-14 05:14:53,31.962515,35.939724,University,Station,car,53.71,9106.3,593,Sunday,5,18-24,F,sunny
152,2025-08-14 03:27:43,31.965393,35.994844,Airport,Mall,car,15.98,5728.9,1334,Thursday,3,25-34,F,sunny
153,2025-07-26 02:01:18,31.934599,35.945627,Market,University,bus,7.25,21833.3,10882,Saturday,2,25-34,F,cloudy
154,2025-08-02 05:41:21,31.961968,35.951921,Home,Airport,bus,18.83,38206.6,7282,Saturday,5,35-44,M,cloudy
155,2025-06-27 13:05:40,31.963792,35.907195,Cafe,Station,scooter,27.87,1716.2,200,Friday,13,18-24,M,sunny
156,2025-07-06 21:04:18,31.933569,35.926509,Work,Cafe,car,55.45,29898.2,1916,Sunday,21,25-34,M,sunny
157,2025-07-17 01:59:25,32.010973,35.933744,Cafe,University,car,44.33,13014.7,1103,Thursday,1,<18,M,cloudy
158,2025-08-08 14:28:20,31.969215,35.935469,Work,Work,walk,5.38,1054.0,707,Friday,14,25-34,M,rain
159,2025-07-07 08:46:24,31.919261,35.983449,Mall,Park,car,26.05,20995.2,2950,Monday,8,18-24,M,sunny
160,2025-07-06 11:23:42,31.974697,35.961731,Cafe,Park,walk,5.12,1815.7,1305,Sunday,11,55+,M,sunny
161,2025-06-23 01:04:14,31.92576,35.911656,Park,Park,car,31.08,19092.0,2238,Monday,1,35-44,M,sunny
162,2025-08-12 10:54:28,31.978613,35.952395,Home,Home,car,49.37,21177.0,1496,Tuesday,10,25-34,M,sunny
163,2025-07-07 06:14:23,31.989758,35.959947,University,Park,bike,17.97,4624.9,977,Monday,6,18-24,F,sunny
164,2025-09-06 03:25:57,31.93038,35.979204,Mall,Work,walk,4.33,1751.1,1424,Saturday,3,25-34,F,cloudy
165,2025-09-02 00:32:16,31.983901,35.992416,Station,Park,walk,5.61,138.3,45,Tuesday,0,35-44,M,sunny
166,2025-06-23 00:46:38,31.967383,35.914547,University,Station,walk,5.44,562.7,350,Monday,0,18-24,M,rain
167,2025-07-08 01:48:55,31.979662,35.920674,Mall,Park,walk,4.85,1790.9,1364,Tuesday,1,25-34,M,cloudy
168,2025-08-15 20:43:03,32.011904,35.907273,Cafe,Market,walk,3.97,988.3,892,Friday,20,35-44,M,rain
169,2025-07-05 22:28:37,31.947638,35.937979,Station,Market,walk,4.47,745.2,639,Saturday,22,35-44,M,sunny
170,2025-06-28 13:31:08,31.932388,35.958991,University,Home,walk,6.07,1801.6,1113,Saturday,13,35-44,F,sunny
171,2025-09-08 20:26:10,31.928315,35.97462,Station,Park,taxi,53.89,7862.7,506,Monday,20,45-54,F,hot
172,2025-08-07 01:10:43,31.930526,35.942721,Market,Work,car,36.44,28515.2,2791,Thursday,1,45-54,F,cloudy
173,2025-07-29 04:41:41,31.952687,35.935405,Mall,Park,walk,6.81,270.1,175,Tuesday,4,25-34,F,rain
174,2025-08-26 06:30:12,31.965235,35.949553,Work,Market,car,44.34,15287.3,1234,Tuesday,6,25-34,F,sunny
175,2025-08-28 07:55:08,31.963301,35.919946,Station,Work,bus,29.29,18846.2,2333,Thursday,7,35-44,M,sunny
176,2025-07-03 19:00:39,31.979815,36.007686,University,Park,car,37.96,5995.7,590,Thursday,19,35-44,F,cloudy
177,2025-06-25 09:05:45,31.95539,35.89677,Hospital,Station,bike,12.59,3099.8,837,Wednesday,9,55+,M,sunny
178,2025-07-25 10:47:45,31.998606,35.950542,Park,Home,car,45.86,20235.1,1552,Friday,10,<18,F,sunny
179,2025-07-24 18:39:19,31.94706,36.005708,Hospital,Hospital,car,57.12,28875.0,1815,Thursday,18,25-34,M,sunny
180,2025-07-28 16:29:55,32.036605,35.945204,Market,Airport,car,38.71,4379.9,374,Monday,16,18-24,M,sunny
181,2025-08-21 06:31:45,31.97377,35.939299,University,Work,car,30.25,13019.8,1605,Thursday,6,18-24,F,sunny
182,2025-08-16 06:11:34,31.929285,35.934277,Home,Work,bus,36.06,3248.8,369,Saturday,6,18-24,M,sunny
183,2025-09-13 05:31:20,31.922873,35.939588,Airport,Hospital,bus,26.77,14995.5,2008,Saturday,5,35-44,M,sunny
184,2025-06-25 12:18:29,31.969474,35.986185,Market,Hospital,car,31.83,27088.0,3097,Wednesday,12,18-24,M,cloudy
185,2025-07-22 21:23:15,31.948296,35.878644,Work,Home,car,25.63,10502.0,1477,Tuesday,21,35-44,M,sunny
186,2025-07-17 04:37:09,31.97642,35.991003,Cafe,University,car,45.51,10275.2,849,Thursday,4,35-44,F,sunny
187,2025-09-02 04:56:17,31.969197,35.902281,Airport,Home,bus,39.54,22170.7,2024,Tuesday,4,18-24,F,rain
188,2025-07-09 00:49:23,31.952815,35.937,Station,Market,walk,3.56,832.3,892,Wednesday,0,18-24,M,sunny
189,2025-07-03 18:34:36,31.929596,35.932123,Mall,Market,taxi,36.96,23777.9,2303,Thursday,18,25-34,M,sunny
190,2025-07-27 00:43:50,31.909555,35.962657,University,Hospital,walk,4.74,313.7,283,Sunday,0,35-44,F,cloudy
191,2025-07-24 14:59:23,31.941605,35.897056,University,Station,car,32.47,3128.0,293,Thursday,14,45-54,M,windy
192,2025-07-11 17:22:59,31.980692,35.958865,Home,Mall,bus,41.81,32883.7,2836,Friday,17,45-54,M,sunny
193,2025-07-09 03:18:26,31.961423,36.005729,Cafe,Airport,walk,3.23,1799.9,2047,Wednesday,3,55+,M,sunny
194,2025-09-07 17:58:45,31.917628,35.904105,Mall,Home,car,44.45,2312.5,147,Sunday,17,25-34,F,cloudy
195,2025-07-26 12:53:16,31.960195,35.950691,Work,Mall,walk,5.77,1447.8,851,Saturday,12,45-54,M,sunny
196,2025-09-02 04:14:22,31.96656,35.925141,Market,Park,car,32.4,9388.9,1022,Tuesday,4,35-44,M,cloudy
197,2025-08-05 04:25:41,31.928484,35.957777,Park,University,walk,3.81,1080.5,1050,Tuesday,4,45-54,M,hot
198,2025-06-21 04:59:46,31.959612,35.945574,Park,Park,car,33.93,27396.6,2910,Saturday,4,<18,M,windy
199,2025-09-14 14:10:32,31.956746,35.925755,Hospital,Cafe,car,22.03,22578.3,3680,Sunday,14,55+,M,sunny
200,2025-08-30 21:32:42,31.920711,35.959636,Park,Work,taxi,57.47,29008.9,1774,Saturday,21,25-34,M,sunny
201,2025-09-11 20:45:26,31.965734,35.99913,Park,Hospital,taxi,34.7,27473.6,2889,Thursday,20,35-44,M,windy
202,2025-09-08 00:40:41,31.971824,35.939273,Station,Park,walk,4.52,1371.0,1139,Monday,0,18-24,M,sunny
203,2025-09-01 00:54:29,31.987492,35.966593,Hospital,Airport,car,59.61,22622.8,1373,Monday,0,25-34,M,sunny
204,2025-07-01 14:57:27,31.986614,35.906202,Cafe,Park,walk,3.01,1568.8,1928,Tuesday,14,18-24,F,cloudy
205,2025-07-30 08:42:37,31.91367,35.916307,Mall,Market,walk,4.84,657.5,501,Wednesday,8,18-24,F,sunny
206,2025-07-05 21:25:10,31.926865,35.959172,University,Mall,walk,5.94,1315.4,740,Saturday,21,18-24,M,sunny
207,2025-07-22 17:58:21,31.970451,35.989523,University,Home,taxi,57.5,13179.6,787,Tuesday,17,35-44,M,rain
208,2025-06-21 22:22:40,31.970414,35.955668,Work,Home,taxi,24.41,5436.9,765,Saturday,22,<18,M,sunny
209,2025-07-20 18:18:26,31.970451,35.935608,Mall,Home,walk,7.31,1618.6,849,Sunday,18,25-34,F,sunny
210,2025-09-13 07:59:33,32.070582,35.944979,Hospital,Hospital,walk,4.63,1037.3,852,Saturday,7,18-24,F,sunny
211,2025-07-10 12:33:50,31.972127,35.907488,Airport,Station,walk,4.64,1594.0,1201,Thursday,12,25-34,M,cloudy
212,2025-08-26 05:19:04,31.989067,35.963135,Cafe,Station,car,28.22,12972.9,1701,Tuesday,5,18-24,F,sunny
213,2025-07-27 14:32:37,31.98362,35.97147,Cafe,Station,car,40.71,7995.5,654,Sunday,14,18-24,F,sunny
214,2025-07-24 17:25:18,31.974542,35.931437,Market,Home,walk,7.32,1612.7,764,Thursday,17,25-34,F,cloudy
215,2025-09-10 19:31:53,31.945542,35.930899,Work,University,bus,30.41,9937.9,1120,Wednesday,19,35-44,M,rain
216,2025-09-14 05:50:18,31.977769,35.952976,Mall,Hospital,car,31.47,2944.9,334,Sunday,5,18-24,M,sunny
217,2025-08-05 16:11:06,31.931815,35.931898,University,Home,scooter,16.66,7215.6,1505,Tuesday,16,18-24,M,rain
218,2025-08-20 07:29:14,31.947895,35.943016,Station,Home,car,84.79,22597.8,1016,Wednesday,7,18-24,F,sunny
219,2025-06-30 14:05:12,31.940439,36.007992,Cafe,Home,car,33.77,19319.0,2045,Monday,14,55+,F,cloudy
220,2025-07-13 08:36:52,31.957456,35.937589,Home,Airport,bus,42.56,23923.9,2053,Sunday,8,25-34,M,sunny
221,2025-09-11 20:08:15,32.02444,35.93425,Hospital,Work,bus,44.66,37995.4,3027,Thursday,20,25-34,M,sunny
222,2025-08-07 18:45:17,31.898982,35.925574,Park,Park,bike,10.56,1946.7,638,Thursday,18,18-24,M,cloudy
223,2025-08-04 10:52:01,31.975588,35.967326,Park,Home,car,28.9,19164.6,2374,Monday,10,25-34,M,sunny
224,2025-08-22 23:21:09,31.906619,35.939563,Mall,Cafe,taxi,29.96,4805.5,622,Friday,23,18-24,M,sunny
225,2025-06-21 19:12:09,31.940842,35.925519,Airport,University,walk,4.32,1872.6,1559,Saturday,19,<18,M,sunny
226,2025-08-08 05:32:56,31.987669,35.984639,Work,Work,walk,7.49,1678.4,810,Friday,5,25-34,M,cloudy
227,2025-07-31 21:52:56,31.956928,35.987588,Cafe,University,car,59.05,17441.0,1053,Thursday,21,25-34,F,sunny
228,2025-09-01 09:36:01,31.922668,35.926987,University,Station,bus,29.95,24341.8,2946,Monday,9,18-24,M,sunny
229,2025-06-30 19:46:48,31.933541,35.889004,Mall,Station,bus,26.39,4968.6,735,Monday,19,35-44,M,sunny
230,2025-09-11 03:00:28,31.975388,35.975225,Airport,Work,scooter,9.95,3894.8,1364,Thursday,3,55+,M,sunny
231,2025-06-23 20:45:58,31.933089,35.924461,Station,Park,car,42.07,28928.9,2502,Monday,20,25-34,F,sunny
232,2025-07-03 09:06:26,31.961494,35.968719,Cafe,Cafe,walk,5.11,1155.9,757,Thursday,9,25-34,M,sunny
233,2025-08-09 05:00:04,31.956367,35.885897,Mall,Station,car,27.87,21163.9,2703,Saturday,5,55+,F,sunny
234,2025-08-16 10:11:04,31.935452,35.971778,Station,Hospital,bus,33.29,4685.0,493,Saturday,10,35-44,M,sunny
235,2025-07-07 19:45:57,32.019318,35.908665,Work,Work,walk,6.15,689.6,405,Monday,19,25-34,F,cloudy
236,2025-06-27 10:40:50,31.974018,35.966923,Cafe,Work,walk,3.53,194.7,214,Friday,10,35-44,F,cloudy
237,2025-09-04 18:44:46,31.894246,35.945428,Mall,Mall,walk,4.38,219.9,177,Thursday,18,18-24,M,rain
238,2025-07-08 19:33:02,31.960594,35.916382,Work,Cafe,car,49.0,3168.9,194,Tuesday,19,25-34,F,sunny
239,2025-08-09 03:53:12,31.935146,35.932789,Park,Mall,bus,24.24,31423.4,4717,Saturday,3,18-24,M,windy
240,2025-08-11 09:35:22,31.980573,35.96559,Work,Work,car,34.45,10328.8,1079,Monday,9,18-24,M,sunny
241,2025-07-24 09:15:04,31.931224,35.948177,Home,Park,taxi,35.08,15293.5,1584,Thursday,9,25-34,M,hot
242,2025-08-08 04:27:27,31.951558,35.962532,Hospital,Work,walk,5.55,1407.3,922,Friday,4,18-24,M,sunny
243,2025-08-02 16:56:10,31.97015,36.004293,University,Home,scooter,25.56,9285.8,1291,Saturday,16,35-44,F,sunny
244,2025-09-08 18:41:27,31.980973,35.898073,Market,Mall,bus,43.37,10684.0,870,Monday,18,25-34,F,sunny
245,2025-07-05 00:55:31,31.918991,35.993516,Park,Work,car,50.27,3258.9,193,Saturday,0,25-34,M,sunny
246,2025-08-20 02:41:59,31.944965,35.948131,Market,Park,taxi,39.83,2620.8,283,Wednesday,2,18-24,M,rain
247,2025-07-08 03:17:13,31.940752,35.918036,Cafe,University,bike,16.93,2449.1,574,Tuesday,3,18-24,M,cloudy
248,2025-07-22 06:37:22,31.9354,35.905091,Work,University,bus,19.7,9229.1,1659,Tuesday,6,25-34,F,hot
249,2025-08-16 02:34:35,32.007964,35.939326,Work,Hospital,bus,47.92,11445.2,894,Saturday,2,55+,M,cloudy
250,2025-07-13 15:43:09,31.967149,35.97265,Park,Park,bus,23.5,13426.3,2102,Sunday,15,18-24,F,sunny
251,2025-07-15 02:40:05,31.917173,35.941174,Park,Work,car,45.6,20567.5,1651,Tuesday,2,18-24,M,sunny
252,2025-08-23 07:45:10,31.982536,35.990335,Hospital,University,walk,5.17,1587.5,1056,Saturday,7,45-54,M,hot
253,2025-06-23 04:25:07,32.018665,35.901465,Park,Station,car,26.2,14173.8,1923,Monday,4,18-24,F,sunny
254,2025-07-27 21:37:20,31.985974,35.944637,Park,Work,car,31.93,24406.9,2694,Sunday,21,45-54,M,cloudy
255,2025-09-14 12:23:13,31.909419,35.907428,Market,Home,bus,39.5,39573.3,3595,Sunday,12,25-34,M,sunny
256,2025-09-14 07:17:37,31.940473,35.955909,Hospital,Station,bus,28.8,4737.0,538,Sunday,7,25-34,M,sunny
257,2025-06-23 05:58:07,31.993007,35.971607,Mall,Mall,scooter,15.16,8771.3,2042,Monday,5,25-34,M,windy
258,2025-07-05 20:08:19,31.93377,35.932377,Work,Cafe,walk,4.64,144.0,160,Saturday,20,18-24,F,sunny
259,2025-07-10 12:33:30,31.968315,35.866874,Work,University,bus,22.26,37398.5,6061,Thursday,12,25-34,M,sunny
260,2025-09-08 15:33:56,31.978239,35.950968,Park,Work,taxi,34.34,20414.9,2179,Monday,15,45-54,M,sunny
261,2025-09-03 22:23:31,31.927192,35.958102,Hospital,Market,bus,17.28,9361.7,1917,Wednesday,22,35-44,M,cloudy
262,2025-09-03 18:56:57,31.953214,35.957129,Park,Hospital,walk,4.98,523.5,427,Wednesday,18,35-44,M,sunny
263,2025-07-19 21:54:14,31.857762,35.982073,Hospital,Airport,walk,5.16,1319.9,888,Saturday,21,35-44,F,sunny
264,2025-06-30 20:27:31,31.924268,35.912868,Market,University,walk,4.34,1364.0,1153,Monday,20,18-24,F,sunny
265,2025-08-30 16:36:52,31.947423,35.965406,Work,University,car,51.82,16475.1,1112,Saturday,16,25-34,F,sunny
266,2025-08-18 23:22:18,31.917567,35.980775,Home,Park,car,35.05,4058.5,442,Monday,23,25-34,M,sunny
267,2025-08-10 16:56:58,32.003972,35.891642,Airport,Hospital,taxi,38.5,15138.0,1381,Sunday,16,35-44,M,sunny
268,2025-09-13 12:08:56,31.912096,35.95459,Home,Market,car,33.91,5247.7,531,Saturday,12,25-34,M,windy
269,2025-08-14 12:18:51,31.941799,35.929875,Market,Home,car,35.96,23707.2,2396,Thursday,12,25-34,F,windy
270,2025-06-17 08:37:24,31.958922,35.942554,Cafe,Hospital,car,46.88,20458.8,1563,Tuesday,8,45-54,M,sunny
271,2025-08-29 04:40:13,31.998238,35.95543,Park,Home,bus,19.93,10386.7,1881,Friday,4,25-34,M,cloudy
272,2025-07-13 14:23:01,31.911924,35.930383,Airport,Market,taxi,44.01,2373.1,136,Sunday,14,18-24,F,sunny
273,2025-08-15 08:38:42,31.989895,35.924729,Home,Work,bus,24.18,33659.5,5061,Friday,8,25-34,M,sunny
274,2025-09-09 03:48:51,31.955307,35.946025,Cafe,Mall,car,27.8,11625.4,1544,Tuesday,3,25-34,M,sunny
275,2025-06-28 17:47:39,31.925555,35.912383,Cafe,Airport,car,36.28,23761.2,2395,Saturday,17,35-44,M,sunny
276,2025-06-27 01:03:05,31.968863,35.912425,Market,Cafe,bus,42.52,39098.3,3337,Friday,1,55+,M,sunny
277,2025-06-26 06:55:23,31.960972,35.965381,Station,Market,car,45.49,19032.9,1447,Thursday,6,25-34,M,sunny
278,2025-08-05 10:41:18,31.936993,35.910536,Station,Hospital,walk,4.53,1652.9,1313,Tuesday,10,25-34,M,rain
279,2025-07-11 03:59:51,31.957094,35.964989,Cafe,Home,walk,3.88,533.3,550,Friday,3,35-44,M,sunny
280,2025-08-10 02:09:28,31.943441,35.958878,Airport,Mall,walk,7.23,233.1,72,Sunday,2,18-24,M,cloudy
281,2025-08-20 05:46:04,31.958406,35.893226,Market,Work,car,42.59,22403.2,1915,Wednesday,5,18-24,F,sunny
282,2025-07-04 23:29:44,31.974864,35.924673,Home,Work,walk,5.02,722.0,479,Friday,23,45-54,M,sunny
283,2025-08-12 17:40:46,32.002581,35.980823,Hospital,University,walk,5.62,635.1,422,Tuesday,17,35-44,F,sunny
284,2025-07-10 09:55:50,31.917866,35.915565,Hospital,Airport,bike,16.89,607.3,171,Thursday,9,<18,M,sunny
285,2025-07-30 14:57:15,32.018991,35.931068,Park,Cafe,car,34.92,9270.7,896,Wednesday,14,18-24,M,cloudy
286,2025-09-06 03:15:08,31.896437,35.958862,Home,Market,car,48.34,23993.1,1754,Saturday,3,35-44,F,cloudy
287,2025-08-31 19:18:34,31.950446,35.968502,Airport,Station,car,25.83,16246.7,2236,Sunday,19,35-44,M,sunny
288,2025-06-24 23:05:24,31.97265,35.937454,Station,Hospital,walk,5.7,543.7,360,Tuesday,23,35-44,M,cloudy
289,2025-07-24 18:38:57,31.96343,35.927075,Work,Home,walk,4.46,1684.0,1402,Thursday,18,18-24,F,windy
290,2025-07-11 13:21:17,31.936319,35.987671,Hospital,Work,car,52.19,12066.7,892,Friday,13,45-54,M,cloudy
291,2025-06-16 23:23:03,31.948756,35.997167,Park,Mall,car,34.86,13763.8,1400,Monday,23,25-34,M,sunny
292,2025-08-25 01:20:35,31.94021,35.974366,University,Station,bike,18.0,5116.2,1054,Monday,1,35-44,M,cloudy
293,2025-08-12 23:53:25,31.937319,35.94756,Mall,Mall,walk,5.35,1694.8,1170,Tuesday,23,25-34,F,sunny
294,2025-07-10 05:32:56,31.980488,35.920752,University,Cafe,bus,51.99,34899.0,2438,Thursday,5,18-24,F,rain
295,2025-08-22 08:47:03,31.96571,35.920087,Airport,University,car,47.88,2877.4,191,Friday,8,55+,M,sunny
296,2025-08-05 07:21:18,31.934213,35.960675,Airport,Hospital,walk,5.05,315.1,218,Tuesday,7,18-24,M,sunny
297,2025-07-25 03:31:45,31.981988,35.957552,Park,Work,walk,2.95,982.0,1252,Friday,3,18-24,M,sunny
298,2025-06-17 12:36:43,31.964219,35.987048,Market,Market,taxi,51.32,10514.3,725,Tuesday,12,35-44,M,sunny
299,2025-06-23 10:15:08,31.979386,35.964514,Cafe,University,car,52.07,18210.8,1308,Monday,10,25-34,M,windy
300,2025-09-04 03:14:07,31.973889,35.899908,Work,Airport,car,36.43,29923.0,2940,Thursday,3,35-44,M,sunny
301,2025-09-06 00:12:40,31.93013,35.976558,University,Hospital,car,33.06,8666.0,941,Saturday,0,25-34,M,sunny
302,2025-08-04 18:12:02,31.938195,35.915058,Work,Mall,bus,37.03,14764.1,1407,Monday,18,25-34,M,windy
303,2025-08-30 18:27:02,31.977419,35.933481,Station,Market,bus,32.2,26316.1,2909,Saturday,18,45-54,F,sunny
304,2025-08-08 01:56:46,31.973311,35.952506,Mall,Park,car,38.17,7578.6,713,Friday,1,<18,M,sunny
305,2025-06-29 23:36:29,31.954373,36.00487,Mall,Park,car,44.64,26919.0,2148,Sunday,23,45-54,M,sunny
306,2025-06-28 03:00:28,31.95852,36.038298,Hospital,Park,walk,4.57,586.6,488,Saturday,3,18-24,M,sunny
307,2025-07-14 09:33:48,31.99333,35.963202,Airport,Station,scooter,25.95,7824.6,1091,Monday,9,35-44,F,sunny
308,2025-09-05 13:31:32,31.937253,35.939504,Home,Station,car,37.17,24603.6,2427,Friday,13,18-24,F,sunny
309,2025-08-27 07:20:58,31.971413,35.961035,Station,Cafe,walk,6.06,719.3,446,Wednesday,7,25-34,F,cloudy
310,2025-09-02 02:50:35,31.948934,35.97163,Cafe,Station,scooter,20.2,1988.4,344,Tuesday,2,45-54,M,windy
311,2025-09-05 13:24:09,31.94847,35.93538,Airport,Cafe,scooter,21.71,8618.6,1443,Friday,13,25-34,F,sunny
312,2025-07-05 13:29:27,31.987963,35.998856,Airport,Mall,taxi,58.18,3353.6,160,Saturday,13,35-44,M,sunny
313,2025-07-09 02:42:35,31.979762,35.951902,Work,Market,bus,26.13,26884.5,3643,Wednesday,2,35-44,M,sunny
314,2025-06-25 21:45:35,31.979405,35.959932,Mall,University,taxi,48.05,2163.7,167,Wednesday,21,35-44,M,rain
315,2025-08-25 20:46:35,31.994164,35.964978,University,Mall,walk,6.82,800.6,446,Monday,20,45-54,F,sunny
316,2025-09-04 05:27:23,31.95563,35.957648,Hospital,Station,bus,36.11,10185.6,1062,Thursday,5,25-34,F,rain
317,2025-07-23 05:30:02,31.975459,35.970168,Park,Work,bus,40.05,14294.8,1331,Wednesday,5,18-24,F,sunny
318,2025-08-11 12:21:15,31.945692,35.926482,Hospital,Cafe,walk,5.17,579.7,390,Monday,12,<18,F,windy
319,2025-06-30 13:33:38,31.964725,35.928251,Station,Cafe,walk,5.84,344.3,223,Monday,13,18-24,M,sunny
320,2025-09-08 08:16:06,31.951096,35.911995,Airport,Airport,taxi,49.94,29562.2,2153,Monday,8,18-24,M,cloudy
321,2025-09-02 11:16:25,31.95791,35.958185,Cafe,Airport,bike,15.05,3366.6,821,Tuesday,11,25-34,M,sunny
322,2025-09-12 12:19:50,31.972855,35.968368,Cafe,Home,bus,49.8,36149.6,2630,Friday,12,18-24,F,cloudy
323,2025-08-28 14:59:32,31.930453,35.958733,Hospital,Home,walk,4.02,332.6,273,Thursday,14,<18,M,sunny
324,2025-09-03 23:35:04,32.017772,35.995235,Hospital,Airport,walk,3.83,1542.3,1427,Wednesday,23,<18,F,sunny
325,2025-06-18 21:15:50,31.924819,35.944832,Home,Cafe,car,56.74,7335.6,492,Wednesday,21,35-44,M,sunny
326,2025-08-21 22:42:17,31.918574,35.965062,Market,Market,walk,6.76,1337.2,665,Thursday,22,25-34,M,rain
327,2025-07-16 13:14:46,31.989743,35.912249,Airport,University,car,33.28,24239.1,2623,Wednesday,13,25-34,M,cloudy
328,2025-09-08 10:17:16,31.97875,35.933387,University,Hospital,car,52.56,11114.9,709,Monday,10,45-54,M,sunny
329,2025-08-27 20:33:12,31.973724,35.965866,Hospital,Station,walk,5.57,1964.4,1252,Wednesday,20,18-24,F,sunny
330,2025-09-02 10:06:13,31.97385,35.970473,Station,Market,walk,5.06,635.3,426,Tuesday,10,55+,M,sunny
331,2025-08-28 14:56:38,31.954633,35.936181,Market,Mall,car,32.97,26326.9,2895,Thursday,14,25-34,M,rain
332,2025-07-10 16:01:33,31.928082,35.942852,Cafe,University,walk,4.89,1180.3,849,Thursday,16,18-24,M,cloudy
333,2025-08-26 12:27:16,31.957274,35.899464,Market,Work,bus,22.91,37977.2,6017,Tuesday,12,35-44,M,cloudy
334,2025-06-26 09:12:43,31.934685,35.934289,Station,University,car,37.37,16376.4,1552,Thursday,9,35-44,M,sunny
335,2025-09-03 03:36:20,31.984254,35.971711,Market,Mall,walk,3.91,614.3,538,Wednesday,3,25-34,M,windy
336,2025-09-01 22:17:13,31.950588,35.962256,Airport,Home,car,26.83,18452.5,2498,Monday,22,45-54,F,rain
337,2025-07-06 16:10:56,31.930235,35.96002,Cafe,Work,walk,6.54,903.9,528,Sunday,16,18-24,M,cloudy
338,2025-08-29 03:33:09,31.945358,35.946493,Station,Hospital,walk,4.81,579.4,487,Friday,3,18-24,M,sunny
339,2025-07-28 01:58:49,31.967388,35.945212,Home,Market,walk,5.45,1878.0,1263,Monday,1,18-24,M,cloudy
340,2025-07-14 02:56:16,31.938088,35.92519,Airport,Airport,bus,25.74,21448.2,2977,Monday,2,18-24,M,sunny
341,2025-08-27 05:40:18,31.930333,35.965965,University,Work,scooter,18.99,8005.3,1481,Wednesday,5,18-24,M,sunny
342,2025-07-07 03:19:54,31.962311,35.957629,Market,University,bus,22.5,18671.0,2946,Monday,3,45-54,M,sunny
343,2025-06-18 18:50:26,31.962349,35.959761,Hospital,Park,car,56.85,17869.0,1137,Wednesday,18,18-24,M,sunny
344,2025-07-04 00:53:09,31.939792,35.929219,Home,Park,bike,8.94,6922.2,2824,Friday,0,25-34,F,sunny
345,2025-07-16 04:46:16,31.940869,35.8804,Airport,Airport,car,49.24,17412.1,1243,Wednesday,4,25-34,M,sunny
346,2025-09-02 10:43:40,31.961961,35.977915,Hospital,Hospital,car,34.5,9715.4,1068,Tuesday,10,45-54,F,sunny
347,2025-09-11 16:12:21,31.911557,35.930635,Station,Park,taxi,30.59,19058.1,2189,Thursday,16,55+,F,cloudy
348,2025-07-11 18:38:07,31.912776,35.919117,Mall,Cafe,walk,3.33,538.5,625,Friday,18,35-44,M,sunny
349,2025-08-13 09:19:33,31.933447,35.965804,University,Cafe,walk,5.17,1848.0,1335,Wednesday,9,55+,M,sunny
350,2025-07-22 15:01:51,31.948597,35.93324,University,Park,car,47.82,2345.7,218,Tuesday,15,35-44,M,sunny
351,2025-09-12 23:00:31,31.964327,35.976798,Home,Market,bus,35.35,3391.2,388,Friday,23,55+,M,rain
352,2025-08-03 21:57:05,31.999261,35.96351,Home,University,bus,26.63,18573.6,2526,Sunday,21,35-44,F,cloudy
353,2025-09-09 04:28:39,31.98073,35.965507,Market,Park,car,37.9,25326.7,2396,Tuesday,4,18-24,F,sunny
354,2025-06-27 00:51:49,31.950202,35.904021,Station,University,taxi,30.33,19069.1,2287,Friday,0,25-34,M,windy
355,2025-09-11 23:47:27,31.95443,35.981358,Cafe,Station,car,31.83,28387.5,3190,Thursday,23,25-34,M,sunny
356,2025-07-02 17:25:55,31.924924,35.952838,Market,Station,scooter,26.41,7238.0,1013,Wednesday,17,25-34,M,windy
357,2025-09-11 06:47:58,31.954445,35.933922,University,Cafe,taxi,23.01,27641.8,4281,Thursday,6,18-24,M,sunny
358,2025-07-10 13:07:58,31.94634,35.949302,Work,Market,bus,15.54,23903.4,5569,Thursday,13,25-34,F,sunny
359,2025-06-26 09:52:30,31.964682,35.891713,Market,Station,car,33.29,7487.1,752,Thursday,9,45-54,M,sunny
360,2025-07-25 18:22:59,31.930183,35.95726,Cafe,Airport,walk,7.0,1474.8,781,Friday,18,<18,M,sunny
361,2025-08-21 05:22:58,31.97058,35.914119,Mall,Market,car,40.31,19096.6,1708,Thursday,5,35-44,F,sunny
362,2025-07-14 21:16:06,32.000982,35.90442,Station,Market,car,64.77,7040.3,368,Monday,21,35-44,M,cloudy
363,2025-08-10 05:08:11,31.951737,35.899329,Market,Home,bus,27.42,17428.2,2261,Sunday,5,55+,M,rain
364,2025-08-01 16:23:57,31.967051,35.978381,Airport,Cafe,walk,5.85,1636.0,1062,Friday,16,45-54,M,sunny
365,2025-07-21 07:44:51,31.975704,35.926122,Station,Work,bike,18.36,7449.8,1453,Monday,7,35-44,M,sunny
366,2025-08-07 13:09:20,31.942963,35.991012,Airport,Work,bus,47.77,22368.9,1676,Thursday,13,25-34,F,sunny
367,2025-07-09 13:55:34,31.961723,35.928926,Mall,University,walk,4.29,231.9,183,Wednesday,13,18-24,F,sunny
368,2025-08-19 10:42:06,31.955378,35.893779,University,Hospital,car,40.19,1215.2,142,Tuesday,10,25-34,M,cloudy
369,2025-06-16 19:22:43,31.95793,35.911504,University,Mall,car,38.23,14588.3,1317,Monday,19,35-44,F,sunny
370,2025-09-07 22:58:04,31.93181,35.982074,Work,Airport,car,47.97,25516.2,1928,Sunday,22,45-54,M,cloudy
371,2025-08-04 02:46:54,31.955735,35.940323,University,University,walk,6.84,663.4,379,Monday,2,35-44,F,sunny
372,2025-08-20 09:41:39,31.96994,35.928551,Station,University,bus,42.24,33688.5,2884,Wednesday,9,18-24,F,sunny
373,2025-08-22 10:20:15,31.998534,35.949801,Market,Cafe,car,33.88,9187.0,1020,Friday,10,25-34,M,sunny
374,2025-08-16 00:16:59,31.983778,35.960053,Home,Hospital,scooter,15.94,6869.9,1515,Saturday,0,25-34,F,sunny
375,2025-07-19 10:26:38,32.019595,35.978522,University,University,car,46.77,3642.8,263,Saturday,10,<18,M,sunny
376,2025-06-22 22:52:08,31.93198,35.988455,Home,Home,bike,11.76,1604.0,523,Sunday,22,18-24,M,cloudy
377,2025-08-15 10:28:44,31.98117,35.934207,Mall,Cafe,walk,5.99,1733.2,1072,Friday,10,18-24,F,sunny
378,2025-07-16 08:57:27,31.9605,35.905219,Hospital,Mall,walk,5.02,1940.6,1359,Wednesday,8,35-44,F,sunny
379,2025-07-14 21:47:00,32.020694,35.932596,Station,Airport,car,53.34,19125.7,1317,Monday,21,18-24,F,cloudy
380,2025-08-31 23:26:18,31.930751,35.952808,Airport,Park,walk,6.37,1283.4,733,Sunday,23,18-24,F,sunny
381,2025-08-20 10:23:41,31.929808,35.916087,Park,Hospital,car,41.44,12196.0,1080,Wednesday,10,55+,M,cloudy
382,2025-07-13 16:25:17,31.937018,35.916285,Work,Mall,car,28.41,13833.6,1792,Sunday,16,25-34,M,sunny
383,2025-07-14 11:46:49,31.891283,35.955314,University,Market,bike,11.75,3196.2,979,Monday,11,<18,F,sunny
384,2025-07-23 09:51:15,31.939227,35.94354,Hospital,Hospital,walk,5.08,220.6,212,Wednesday,9,18-24,M,rain
385,2025-07-22 20:54:37,31.932226,35.945984,Market,Market,bus,33.94,20343.0,2217,Tuesday,20,18-24,F,cloudy
386,2025-07-13 06:20:26,31.959512,35.922245,Work,Market,taxi,36.96,4933.5,505,Sunday,6,18-24,M,sunny
387,2025-06-28 02:40:01,31.965253,35.938088,University,University,walk,3.92,480.4,426,Saturday,2,18-24,F,sunny
388,2025-07-24 11:53:22,32.011285,35.917273,Park,Station,walk,4.68,198.9,157,Thursday,11,25-34,M,rain
389,2025-09-09 06:54:39,31.983513,35.971706,Cafe,Mall,taxi,53.43,17993.1,1190,Tuesday,6,18-24,F,sunny
390,2025-08-16 14:43:56,31.937693,35.976057,Park,Market,walk,4.68,1252.1,1011,Saturday,14,25-34,M,sunny
391,2025-09-05 21:47:07,31.928048,35.889614,Mall,Mall,taxi,34.21,25512.0,2645,Friday,21,45-54,F,cloudy
392,2025-08-11 01:14:15,31.969758,35.917115,Hospital,Work,walk,3.67,266.9,308,Monday,1,25-34,M,cloudy
393,2025-07-13 17:46:38,31.915393,35.900104,Cafe,Mall,bus,29.58,33811.6,4139,Sunday,17,45-54,M,cloudy
394,2025-08-04 23:16:11,32.009944,35.925499,Airport,Station,car,51.53,10222.2,766,Monday,23,25-34,F,cloudy
395,2025-06-16 16:36:08,31.990383,35.942497,Hospital,Park,taxi,52.08,23764.9,1653,Monday,16,25-34,F,cloudy
396,2025-07-12 11:27:33,31.940925,35.901511,Market,Airport,car,32.26,7659.7,817,Saturday,11,35-44,F,rain
397,2025-07-25 08:17:02,31.903606,35.917344,Cafe,Park,car,41.52,21959.5,1881,Friday,8,18-24,M,cloudy
398,2025-08-07 20:29:33,31.995616,35.914881,Home,Market,walk,4.18,1925.7,1610,Thursday,20,18-24,M,sunny
399,2025-08-14 13:53:22,31.951564,35.951218,Cafe,Mall,walk,4.58,1245.5,978,Thursday,13,35-44,M,sunny
400,2025-07-28 12:06:00,31.992134,35.94708,Mall,Home,bus,29.44,13008.4,1546,Monday,12,25-34,M,cloudy
401,2025-07-26 10:47:26,31.907167,35.923348,Work,Hospital,car,35.21,2870.9,327,Saturday,10,35-44,F,rain
402,2025-07-05 21:19:14,31.937019,35.950305,Airport,Station,scooter,6.08,5116.8,3002,Saturday,21,45-54,M,sunny
403,2025-07-29 05:48:27,31.955157,35.9286,Airport,Cafe,car,56.89,19724.3,1280,Tuesday,5,25-34,M,sunny
404,2025-09-05 18:16:34,31.956409,35.93685,Home,Market,bus,25.32,9038.2,1328,Friday,18,25-34,M,windy
405,2025-08-27 07:08:20,31.941498,35.995204,University,Home,car,33.4,6189.6,678,Wednesday,7,25-34,M,sunny
406,2025-07-01 22:15:32,31.973685,35.985214,University,Station,taxi,32.21,20059.2,2278,Tuesday,22,55+,M,sunny
407,2025-06-24 06:53:02,31.922971,35.906013,Work,Market,taxi,25.43,10064.8,1480,Tuesday,6,35-44,M,cloudy
408,2025-08-02 01:06:06,31.950729,35.969892,Work,Cafe,car,57.26,27421.1,1686,Saturday,1,45-54,M,hot
409,2025-08-12 14:52:40,31.958609,35.969342,Cafe,Hospital,bus,29.97,13027.6,1591,Tuesday,14,18-24,M,rain
410,2025-07-16 19:43:55,31.970433,35.910552,Hospital,Work,bus,34.05,31264.6,3360,Wednesday,19,35-44,F,cloudy
411,2025-08-29 07:31:12,31.976348,35.969563,Park,Hospital,walk,5.44,1656.0,1077,Friday,7,18-24,M,sunny
412,2025-08-23 06:11:02,31.921261,35.991138,Hospital,Airport,car,34.93,4622.2,499,Saturday,6,18-24,M,rain
413,2025-08-16 04:57:51,31.908977,35.911324,Cafe,Home,walk,4.99,567.5,360,Saturday,4,45-54,F,sunny
414,2025-07-06 20:56:57,31.99333,35.917475,Station,Mall,bus,35.88,24116.4,2387,Sunday,20,<18,F,rain
415,2025-07-04 13:50:46,31.964969,35.97553,Station,Park,walk,3.37,905.0,951,Friday,13,55+,F,sunny
416,2025-06-18 20:29:03,31.932545,35.953145,Cafe,Station,walk,4.56,1361.4,1042,Wednesday,20,18-24,F,sunny
417,2025-07-08 16:35:07,32.001535,35.961544,Cafe,Home,car,37.92,1516.1,178,Tuesday,16,35-44,M,sunny
418,2025-07-29 10:01:12,31.95847,35.955218,Airport,Park,car,34.64,22735.4,2413,Tuesday,10,18-24,F,sunny
419,2025-09-01 03:09:32,31.990379,35.956721,Hospital,Work,bus,25.57,38660.0,5421,Monday,3,25-34,M,cloudy
420,2025-06-23 05:02:04,31.957026,35.905206,Market,Station,taxi,41.78,1656.0,135,Monday,5,18-24,M,windy
421,2025-07-23 22:55:05,32.016822,35.97642,Mall,Mall,car,54.01,23849.0,1629,Wednesday,22,25-34,F,cloudy
422,2025-08-12 08:01:07,32.00766,35.980088,Market,Station,walk,5.55,165.1,160,Tuesday,8,25-34,M,rain
423,2025-07-04 03:42:20,31.947531,35.938118,Airport,Mall,car,31.96,2301.2,241,Friday,3,35-44,F,sunny
424,2025-08-18 07:51:02,31.984147,35.943696,Work,Home,car,67.53,17296.7,909,Monday,7,<18,F,cloudy
425,2025-07-31 03:34:48,31.974361,35.899067,Park,Park,car,54.12,12712.6,818,Thursday,3,18-24,M,rain
426,2025-07-08 14:43:54,31.996059,35.960428,Park,Station,car,35.31,20823.8,2137,Tuesday,14,18-24,F,cloudy
427,2025-08-14 16:48:39,31.926052,35.962162,Mall,Hospital,car,54.3,18701.9,1216,Thursday,16,25-34,M,sunny
428,2025-06-17 03:42:08,31.975582,35.943134,Park,Station,car,42.01,17673.7,1513,Tuesday,3,35-44,M,cloudy
429,2025-08-23 05:48:31,31.986753,35.978731,Airport,Hospital,bus,20.94,15754.3,2756,Saturday,5,45-54,F,cloudy
430,2025-08-24 23:01:31,31.902238,35.934978,Work,University,car,52.76,10113.8,645,Sunday,23,18-24,M,sunny
431,2025-06-26 05:57:14,31.919502,35.961938,Cafe,Park,bus,23.57,2495.0,381,Thursday,5,25-34,F,rain
432,2025-07-24 22:02:28,31.893823,35.91441,Home,University,car,45.04,18289.7,1407,Thursday,22,35-44,M,windy
433,2025-07-02 11:38:26,31.946918,35.944293,Station,Station,walk,5.18,1587.6,1153,Wednesday,11,18-24,M,sunny
434,2025-09-10 20:55:55,31.976526,35.939769,Market,Work,bus,34.73,27566.0,2878,Wednesday,20,25-34,F,cloudy
435,2025-08-02 06:30:51,32.000071,35.951759,Cafe,Park,car,58.2,24899.0,1554,Saturday,6,25-34,M,cloudy
436,2025-06-21 04:11:50,31.957223,35.933914,Hospital,University,walk,4.97,527.0,395,Saturday,4,18-24,M,cloudy
437,2025-07-09 01:59:37,32.003858,35.941056,Hospital,Market,car,28.56,14113.0,1838,Wednesday,1,<18,M,sunny
438,2025-09-01 00:07:55,31.913597,35.969781,Park,Work,car,33.21,26666.9,2909,Monday,0,18-24,F,rain
439,2025-07-27 17:40:59,31.903899,35.931897,Hospital,Home,bus,20.33,34694.0,6092,Sunday,17,25-34,M,sunny
440,2025-08-27 18:47:07,31.953334,35.896803,Airport,University,car,25.1,15945.9,2287,Wednesday,18,18-24,F,sunny
441,2025-08-15 17:41:36,31.966522,35.997488,Mall,Work,car,51.29,15225.3,1121,Friday,17,18-24,M,rain
442,2025-09-13 13:34:23,31.954019,35.986444,Cafe,Home,walk,5.13,1395.0,942,Saturday,13,25-34,F,cloudy
443,2025-08-09 05:54:09,31.892977,35.906232,Home,Market,car,38.61,29006.3,2708,Saturday,5,18-24,F,rain
444,2025-09-10 03:48:39,31.952326,35.965691,University,Airport,taxi,14.33,29148.9,7277,Wednesday,3,18-24,M,sunny
445,2025-09-04 21:12:19,31.915866,35.929911,Work,Park,bus,26.42,38633.1,5315,Thursday,21,45-54,M,sunny
446,2025-08-10 19:03:16,31.97509,35.952905,Mall,Airport,walk,6.02,1409.7,870,Sunday,19,<18,F,windy
447,2025-08-20 09:21:26,31.965998,35.953827,Hospital,University,bike,19.69,623.9,102,Wednesday,9,35-44,F,sunny
448,2025-08-01 02:02:46,31.926804,35.937968,University,Station,car,31.7,5238.5,601,Friday,2,25-34,M,rain
449,2025-08-30 09:45:17,31.939584,35.921487,Market,Station,car,44.62,11561.6,910,Saturday,9,35-44,F,rain
450,2025-08-04 23:07:44,31.923224,35.924284,Cafe,Hospital,bus,38.38,21025.3,1964,Monday,23,25-34,F,cloudy
451,2025-09-05 09:41:42,31.95312,35.917514,Hospital,Work,car,42.47,12546.3,1009,Friday,9,18-24,F,sunny
452,2025-08-22 14:01:16,31.983654,35.920045,Airport,Airport,car,47.61,4489.5,390,Friday,14,35-44,F,cloudy
453,2025-07-29 09:01:20,31.925428,35.942985,Hospital,Home,bus,20.76,20946.7,3681,Tuesday,9,25-34,M,rain
454,2025-07-09 23:34:45,31.970121,35.923527,Cafe,University,car,14.3,26639.0,6665,Wednesday,23,35-44,F,sunny
455,2025-07-08 21:45:48,31.939092,35.965462,Station,Mall,walk,6.92,839.9,393,Tuesday,21,25-34,M,sunny
456,2025-08-13 01:04:27,31.931214,35.989617,Park,Home,car,48.57,1843.5,101,Wednesday,1,55+,M,sunny
457,2025-08-24 13:52:59,31.951789,35.927598,Market,Mall,taxi,45.66,25490.8,1992,Sunday,13,35-44,M,sunny
458,2025-08-02 13:43:59,31.923943,35.952182,Market,Hospital,bus,37.74,24820.8,2359,Saturday,13,55+,M,rain
459,2025-08-12 01:30:07,31.938391,35.959991,Cafe,Station,car,37.03,29167.6,2847,Tuesday,1,25-34,M,rain
460,2025-07-11 08:51:21,31.919064,35.95916,Airport,Park,car,30.03,11183.0,1394,Friday,8,25-34,M,hot
461,2025-06-23 15:05:22,32.013942,35.947279,Hospital,Park,taxi,27.98,2496.5,377,Monday,15,35-44,M,sunny
462,2025-07-12 08:53:54,31.956058,35.96728,University,Station,car,26.63,4453.7,600,Saturday,8,45-54,F,cloudy
463,2025-07-11 02:37:48,31.934008,35.959467,Airport,Hospital,car,44.47,2838.7,187,Friday,2,55+,M,sunny
464,2025-07-15 10:17:53,31.961419,35.90787,Home,Market,taxi,35.94,9662.3,947,Tuesday,10,25-34,M,cloudy
465,2025-08-04 06:27:15,31.95163,35.971075,Airport,Airport,bus,42.16,16226.5,1435,Monday,6,35-44,M,cloudy
466,2025-06-29 02:36:48,31.948371,35.971619,Station,Mall,car,52.62,7039.8,512,Sunday,2,18-24,M,windy
467,2025-07-07 11:15:01,31.973425,35.922101,Home,Mall,car,48.5,5019.4,335,Monday,11,25-34,M,rain
468,2025-08-18 02:39:25,31.977725,35.946138,Airport,University,car,46.02,15118.1,1221,Monday,2,18-24,M,windy
469,2025-08-19 05:35:27,31.939085,35.9655,Station,Station,walk,4.18,1495.2,1237,Tuesday,5,25-34,F,rain
470,2025-06-22 10:27:35,31.937725,35.938721,Station,Work,taxi,34.83,16604.8,1718,Sunday,10,45-54,F,rain
471,2025-07-23 08:08:24,31.946748,35.977189,Station,Airport,car,33.13,29033.0,3136,Wednesday,8,18-24,F,sunny
472,2025-08-04 11:45:56,31.885942,36.015916,Mall,Hospital,bus,21.79,34249.8,5678,Monday,11,25-34,M,rain
473,2025-07-24 01:47:52,31.909544,35.92142,Work,Station,walk,4.87,1285.2,912,Thursday,1,25-34,M,cloudy
474,2025-07-05 06:29:16,31.996006,35.903569,Cafe,Station,car,50.32,11926.3,833,Saturday,6,18-24,M,sunny
475,2025-07-24 11:14:07,32.004349,35.954115,Market,Market,walk,4.79,1228.6,944,Thursday,11,25-34,F,sunny
476,2025-09-06 02:10:35,31.947529,35.966647,Mall,Work,bus,24.13,12911.5,1873,Saturday,2,25-34,M,cloudy
477,2025-08-08 05:20:13,31.972297,35.938074,Work,Home,car,38.29,11646.7,1035,Friday,5,18-24,M,sunny
478,2025-08-18 06:03:18,31.964338,35.988598,Cafe,Home,car,41.71,4622.2,395,Monday,6,35-44,M,sunny
479,2025-09-01 18:16:00,32.047366,35.904842,Market,Cafe,walk,4.42,617.8,478,Monday,18,55+,M,cloudy
480,2025-08-24 13:24:35,31.988587,35.965788,Home,Market,walk,4.88,861.4,601,Sunday,13,18-24,F,windy
481,2025-07-20 21:20:54,31.951162,35.926824,Hospital,Home,walk,8.27,622.5,307,Sunday,21,18-24,F,rain
482,2025-06-17 04:27:39,31.926334,35.996581,Mall,Market,bike,10.91,4422.8,1498,Tuesday,4,25-34,F,sunny
483,2025-07-18 07:31:28,31.906807,36.004775,Market,Mall,car,20.03,25075.8,4467,Friday,7,35-44,M,sunny
484,2025-08-23 11:13:54,31.961104,35.922,Market,Park,car,40.98,16823.6,1490,Saturday,11,18-24,F,sunny
485,2025-09-01 11:10:23,31.932309,35.928513,University,Park,car,44.0,25508.3,2124,Monday,11,<18,F,sunny
486,2025-09-10 11:08:06,31.912332,35.970788,Home,Station,car,38.5,29495.0,2717,Wednesday,11,25-34,F,sunny
487,2025-07-24 08:48:41,31.935603,35.933386,Mall,Park,bike,12.15,2606.5,774,Thursday,8,55+,M,hot
488,2025-08-22 22:21:33,31.922554,35.943638,Station,Airport,walk,6.8,1360.3,760,Friday,22,25-34,M,sunny
489,2025-08-04 19:22:16,32.005614,35.945762,Station,Home,walk,5.05,1775.1,1302,Monday,19,25-34,F,sunny
490,2025-08-09 22:45:04,31.981449,35.88741,Work,Airport,bus,31.15,14505.9,1715,Saturday,22,55+,M,sunny
491,2025-07-06 12:05:20,31.954761,35.944585,Market,University,car,48.32,22949.1,1660,Sunday,12,35-44,F,sunny
492,2025-07-06 09:40:34,31.999398,35.924308,Home,Home,walk,4.77,1964.7,1438,Sunday,9,35-44,F,sunny
493,2025-07-25 21:07:52,31.957321,35.930206,Airport,Work,walk,4.66,1109.0,874,Friday,21,25-34,M,sunny
494,2025-06-19 06:25:08,31.929161,35.988309,Park,Hospital,bus,41.99,36219.6,3100,Thursday,6,55+,M,windy
495,2025-07-16 21:45:55,32.000694,35.907305,Mall,Cafe,car,23.71,13633.0,2090,Wednesday,21,35-44,M,sunny
496,2025-08-16 18:40:19,31.971167,35.969396,Airport,Market,car,43.44,15973.2,1317,Saturday,18,45-54,F,sunny
497,2025-07-23 01:02:58,31.923883,35.936631,University,Station,car,42.52,4171.3,344,Wednesday,1,35-44,F,sunny
498,2025-07-01 12:13:19,31.94929,35.936607,Market,Market,bike,13.75,3536.9,920,Tuesday,12,35-44,M,sunny
499,2025-07-28 17:17:17,31.928731,35.968711,Hospital,Hospital,taxi,38.52,25418.5,2376,Monday,17,18-24,M,sunny
500,2025-06-28 03:24:05,31.913516,35.955202,University,Hospital,bus,41.14,14991.5,1300,Saturday,3,25-34,M,sunny
501,2025-08-11 15:48:02,31.982785,35.962118,Work,Hospital,car,31.94,29557.5,3271,Monday,15,35-44,F,sunny
502,2025-06-19 01:58:23,32.012282,35.974046,Home,Home,bus,36.07,21086.6,2048,Thursday,1,18-24,M,cloudy
503,2025-07-22 02:48:33,31.913043,35.935061,Station,Cafe,bus,30.06,19931.2,2394,Tuesday,2,25-34,M,sunny
504,2025-08-06 10:48:44,31.971889,35.926633,Station,Work,bike,16.92,3868.5,788,Wednesday,10,18-24,F,sunny
505,2025-06-19 02:15:57,31.935481,35.912445,Hospital,Hospital,car,44.17,14124.1,1184,Thursday,2,35-44,M,sunny
506,2025-08-13 12:03:53,31.940386,35.920238,Cafe,Station,walk,2.55,169.8,226,Wednesday,12,18-24,M,sunny
507,2025-06-28 20:50:11,31.937228,36.033473,Cafe,Home,walk,4.01,1748.1,1510,Saturday,20,35-44,M,sunny
508,2025-07-28 04:59:39,31.92908,35.98234,Market,Work,car,33.08,18367.2,2052,Monday,4,25-34,M,sunny
509,2025-06-21 04:20:25,31.956456,35.904468,Station,Hospital,bike,12.12,3524.8,1027,Saturday,4,18-24,M,sunny
510,2025-07-20 18:35:23,31.930071,35.905326,Work,University,bus,25.4,19890.4,2855,Sunday,18,25-34,F,sunny
511,2025-07-05 16:54:42,31.963114,35.959456,Station,Station,taxi,41.42,9473.2,869,Saturday,16,18-24,F,sunny
512,2025-07-16 01:42:44,31.953493,35.961418,University,University,walk,6.12,1511.0,895,Wednesday,1,25-34,F,sunny
513,2025-08-24 03:58:54,31.947832,35.961467,Home,Cafe,car,27.48,17727.8,2286,Sunday,3,25-34,F,sunny
514,2025-07-20 18:38:17,31.927773,35.937351,Mall,Airport,bus,30.17,36633.0,4313,Sunday,18,18-24,M,windy
515,2025-08-23 08:04:00,31.937697,35.941236,Station,Cafe,bus,32.31,16329.2,1845,Saturday,8,55+,M,cloudy
516,2025-08-30 12:40:55,31.977662,35.954836,Airport,Airport,bus,39.13,5305.2,428,Saturday,12,<18,M,rain
517,2025-07-09 08:37:55,31.970028,35.947577,Park,Airport,car,56.35,11447.9,751,Wednesday,8,35-44,F,rain
518,2025-06-24 00:38:34,31.925673,35.878421,Airport,Work,car,38.03,7828.0,774,Tuesday,0,25-34,F,hot
519,2025-06-18 09:35:36,31.95798,35.938106,Market,Mall,car,30.62,5202.4,582,Wednesday,9,25-34,M,cloudy
520,2025-08-04 04:52:14,31.977542,35.919458,University,Station,taxi,43.57,3993.4,297,Monday,4,25-34,M,cloudy
521,2025-09-14 15:31:35,31.904918,35.950256,Mall,Work,car,31.04,25436.2,2978,Sunday,15,35-44,M,sunny
522,2025-07-18 03:38:23,31.971301,36.034558,Hospital,Park,scooter,21.36,9933.2,1726,Friday,3,35-44,M,sunny
523,2025-08-14 04:02:12,31.935121,35.956024,Park,University,bike,12.79,5837.5,1627,Thursday,4,35-44,F,cloudy
524,2025-08-25 23:11:20,31.972118,35.935594,Station,Cafe,taxi,18.77,28177.4,5383,Monday,23,18-24,M,hot
525,2025-08-14 07:30:56,31.932102,35.972654,Airport,Hospital,car,45.18,20977.9,1627,Thursday,7,35-44,F,sunny
526,2025-08-23 12:52:09,31.900854,35.959481,Work,Station,car,33.27,4863.3,479,Saturday,12,18-24,M,cloudy
527,2025-09-10 02:53:12,31.906174,35.957603,Market,Home,car,55.19,7344.6,468,Wednesday,2,<18,F,sunny
528,2025-07-04 14:20:40,31.956443,35.963206,Work,Cafe,bike,15.03,7034.7,1688,Friday,14,25-34,F,sunny
529,2025-06-18 11:44:46,31.962792,36.006696,Home,Mall,bike,10.37,5907.0,2065,Wednesday,11,25-34,F,sunny
530,2025-06-30 08:52:17,31.927871,35.911073,Mall,Cafe,walk,6.16,1586.5,906,Monday,8,25-34,M,sunny
531,2025-06-28 00:21:46,31.974158,35.959209,Market,Station,walk,4.78,1403.4,1017,Saturday,0,35-44,M,sunny
532,2025-08-15 21:45:23,31.905154,35.917209,Market,University,car,45.97,18475.9,1394,Friday,21,25-34,M,cloudy
533,2025-08-06 09:53:59,31.953018,35.961665,Home,Mall,bus,37.91,2120.4,246,Wednesday,9,25-34,M,rain
534,2025-07-06 06:31:44,31.91867,35.917439,University,Home,car,40.64,9181.2,758,Sunday,6,18-24,F,rain
535,2025-08-18 14:34:11,31.935445,35.932479,Hospital,Work,walk,3.43,1824.9,1893,Monday,14,35-44,F,sunny
536,2025-08-24 16:13:31,31.956422,35.936147,Park,Park,bus,31.25,26608.6,3042,Sunday,16,25-34,M,rain
537,2025-07-01 18:09:00,31.929188,35.974275,Market,Work,car,53.54,14075.7,944,Tuesday,18,25-34,M,sunny
538,2025-08-10 07:22:48,31.943463,35.972554,Hospital,Cafe,taxi,39.05,17200.9,1618,Sunday,7,35-44,M,sunny
539,2025-08-22 23:14:41,31.985189,35.907628,Work,Home,car,44.19,14891.8,1219,Friday,23,25-34,F,cloudy
540,2025-06-26 23:06:59,31.937693,35.946648,Cafe,University,walk,4.04,673.3,615,Thursday,23,25-34,F,sunny
541,2025-08-29 09:24:57,31.980071,35.923713,Cafe,Station,car,25.43,27827.5,3946,Friday,9,25-34,M,sunny
542,2025-09-11 11:31:20,31.921109,35.907245,Mall,Cafe,car,38.39,2565.2,223,Thursday,11,25-34,M,sunny
543,2025-06-26 09:13:07,31.970894,35.938489,Market,Hospital,walk,5.04,1276.0,906,Thursday,9,35-44,F,cloudy
544,2025-06-18 23:11:27,31.998247,35.935746,Park,Mall,walk,6.34,675.0,436,Wednesday,23,18-24,F,sunny
545,2025-07-14 17:33:11,31.880851,36.017801,Market,Mall,walk,5.12,1981.7,1420,Monday,17,18-24,M,cloudy
546,2025-08-16 14:47:44,31.931093,35.957989,Park,Home,bike,18.09,5760.3,1103,Saturday,14,18-24,F,cloudy
547,2025-09-10 21:22:43,31.972312,35.903671,Hospital,Market,car,35.68,10700.3,1062,Wednesday,21,25-34,F,cloudy
548,2025-07-22 08:29:56,31.948909,35.928057,Cafe,Market,car,26.68,10976.4,1536,Tuesday,8,45-54,M,rain
549,2025-08-20 00:09:26,31.966134,35.975641,Park,Cafe,walk,5.57,172.4,113,Wednesday,0,25-34,M,sunny
550,2025-06-23 11:52:40,31.93688,36.007653,Home,Cafe,car,54.77,26446.0,1723,Monday,11,18-24,M,sunny
551,2025-08-17 19:27:09,31.957598,35.897421,Cafe,Cafe,car,34.35,16446.3,1759,Sunday,19,35-44,M,sunny
552,2025-08-12 02:34:08,31.95033,35.888602,Market,Cafe,bike,16.89,2182.3,429,Tuesday,2,35-44,M,sunny
553,2025-06-25 19:49:56,31.990033,36.001129,Home,Market,walk,5.8,177.6,71,Wednesday,19,45-54,M,cloudy
554,2025-08-25 04:17:03,31.962633,35.956688,Work,Station,walk,3.26,1942.0,2200,Monday,4,25-34,M,sunny
555,2025-09-01 04:21:32,31.965128,35.918951,Hospital,Mall,car,37.96,15947.3,1569,Monday,4,45-54,M,sunny
556,2025-08-09 16:36:52,31.942644,35.961039,Mall,University,walk,5.86,985.6,648,Saturday,16,<18,M,cloudy
557,2025-06-27 13:12:16,31.940372,35.865928,Station,Hospital,car,43.54,9065.2,740,Friday,13,18-24,M,cloudy
558,2025-09-13 04:49:45,31.942023,35.945101,Park,Market,car,47.17,13958.4,1007,Saturday,4,18-24,F,cloudy
559,2025-08-26 02:13:04,31.966834,35.954835,Cafe,University,car,45.34,6084.0,452,Tuesday,2,35-44,F,rain
560,2025-07-17 21:41:08,31.94237,35.972728,Park,Home,walk,4.9,270.2,166,Thursday,21,18-24,M,cloudy
561,2025-07-25 05:01:19,31.963693,35.914583,Park,University,car,40.32,20132.6,1830,Friday,5,25-34,M,cloudy
562,2025-07-20 00:09:31,32.017262,35.947571,Mall,Cafe,car,50.88,17337.5,1182,Sunday,0,25-34,F,sunny
563,2025-08-01 04:36:03,31.981134,35.917237,Cafe,Airport,bus,31.23,2517.3,257,Friday,4,25-34,M,hot
564,2025-07-17 08:47:05,31.945219,35.952662,Airport,Station,bus,24.47,14349.5,2144,Thursday,8,45-54,F,sunny
565,2025-09-01 02:48:32,31.991036,35.91814,Home,Market,car,38.12,28255.0,2610,Monday,2,18-24,M,sunny
566,2025-08-29 15:57:37,31.942758,35.932757,Station,Airport,car,44.16,8253.9,687,Friday,15,25-34,F,sunny
567,2025-06-26 03:41:22,31.893856,35.915126,Park,Home,car,50.16,23087.2,1660,Thursday,3,35-44,M,cloudy
568,2025-09-11 03:01:36,31.924757,35.964534,Cafe,Cafe,bus,18.26,21052.7,4111,Thursday,3,<18,F,windy
569,2025-08-12 20:35:21,31.898876,35.970754,Cafe,Mall,walk,4.71,1682.2,1240,Tuesday,20,35-44,F,sunny
570,2025-08-30 05:44:00,31.944455,35.937961,Park,Hospital,taxi,49.31,20478.3,1481,Saturday,5,35-44,F,sunny
571,2025-08-19 07:30:43,31.955553,35.946147,Work,Park,car,31.9,24611.2,2808,Tuesday,7,45-54,F,rain
572,2025-07-25 20:22:39,32.005293,35.901542,Cafe,Work,car,31.95,4070.3,481,Friday,20,45-54,M,windy
573,2025-08-21 16:43:24,31.964808,35.93601,Hospital,Hospital,walk,5.02,1677.9,1244,Thursday,16,25-34,M,sunny
574,2025-09-11 13:08:55,31.948427,35.943494,Station,Hospital,car,24.68,5277.0,713,Thursday,13,25-34,M,sunny
575,2025-07-10 23:06:12,31.979882,36.023624,Station,Home,car,57.85,25957.3,1603,Thursday,23,18-24,M,cloudy
576,2025-08-28 09:26:09,31.888666,35.911641,Market,Mall,walk,5.48,1877.6,1285,Thursday,9,18-24,M,sunny
577,2025-08-04 02:10:44,31.962068,35.988925,Park,Airport,bike,16.88,3752.2,821,Monday,2,18-24,F,rain
578,2025-07-30 04:04:48,31.978126,35.974906,Station,Market,bus,39.32,6260.2,545,Wednesday,4,25-34,F,sunny
579,2025-07-25 20:33:59,31.910642,35.953419,Work,Work,car,64.25,21000.6,1214,Friday,20,45-54,M,sunny
580,2025-08-21 10:44:31,31.989313,35.997759,Airport,Hospital,car,39.21,21872.0,2016,Thursday,10,25-34,M,sunny
581,2025-07-10 19:27:35,31.965155,35.956163,Park,Home,walk,3.23,1890.2,2125,Thursday,19,25-34,M,sunny
582,2025-09-01 07:25:33,31.942541,35.956675,Home,Market,car,43.1,21203.3,1717,Monday,7,25-34,F,sunny
583,2025-08-30 10:06:16,31.973983,35.943406,Park,Home,car,32.46,27735.9,3092,Saturday,10,25-34,M,sunny
584,2025-06-24 10:55:02,32.023121,35.981707,Airport,Mall,car,28.83,26737.1,3284,Tuesday,10,55+,F,cloudy
585,2025-09-04 00:02:56,31.960456,35.977894,Market,Station,car,35.24,2406.4,269,Thursday,0,18-24,F,sunny
586,2025-07-08 14:28:14,31.962447,35.92623,University,Home,car,39.02,9233.6,804,Tuesday,14,25-34,F,windy
587,2025-07-28 11:29:44,31.941219,35.905423,Park,Airport,car,51.85,19381.0,1368,Monday,11,25-34,M,sunny
588,2025-08-10 14:02:31,31.929505,35.938911,Hospital,Home,walk,7.18,1462.8,780,Sunday,14,18-24,M,cloudy
589,2025-07-20 18:20:32,31.97991,35.920999,Cafe,Market,taxi,29.96,3184.3,324,Sunday,18,25-34,F,sunny
590,2025-06-19 05:43:03,31.929317,35.943094,Mall,Mall,car,35.91,19588.0,1909,Thursday,5,35-44,F,sunny
591,2025-09-01 05:47:01,31.957147,35.982123,Hospital,Airport,car,45.77,24694.2,1970,Monday,5,18-24,F,sunny
592,2025-07-03 00:29:58,31.94067,35.931281,Airport,University,car,47.2,20309.8,1503,Thursday,0,18-24,M,sunny
593,2025-07-05 17:54:15,31.969369,35.943715,Work,Home,bus,22.76,39734.3,6277,Saturday,17,18-24,F,cloudy
594,2025-08-27 11:02:36,31.96501,35.946741,Home,Mall,walk,6.12,448.0,259,Wednesday,11,35-44,M,cloudy
595,2025-07-17 06:51:26,31.986126,35.970453,Airport,Station,bike,12.91,7815.0,2167,Thursday,6,35-44,F,cloudy
596,2025-09-03 21:13:00,31.9397,35.877593,Mall,Park,car,30.59,29660.4,3445,Wednesday,21,25-34,F,sunny
597,2025-08-18 18:16:56,31.946904,35.926799,Airport,Market,car,45.32,16081.8,1287,Monday,18,25-34,F,rain
598,2025-07-11 12:27:56,31.925637,35.951339,Cafe,Mall,bus,39.73,38883.6,3495,Friday,12,45-54,F,cloudy
599,2025-06-17 13:39:07,31.941671,35.981002,Mall,Market,walk,5.37,701.4,470,Tuesday,13,35-44,M,hot
600,2025-09-09 23:32:26,31.966319,35.930243,Cafe,Station,bus,31.09,14683.4,1729,Tuesday,23,35-44,F,rain
601,2025-06-24 08:38:58,31.97771,35.888703,Home,Park,walk,4.91,1897.3,1350,Tuesday,8,35-44,F,sunny
602,2025-08-20 11:05:12,31.927335,35.963591,Station,Mall,walk,5.1,1064.2,717,Wednesday,11,25-34,M,sunny
603,2025-07-30 15:03:13,31.981088,35.925939,Mall,Cafe,bus,28.28,29206.4,3745,Wednesday,15,25-34,F,sunny
604,2025-08-23 21:21:40,31.995669,35.90931,University,Station,car,45.63,15003.4,1210,Saturday,21,45-54,M,cloudy
605,2025-08-17 19:26:30,31.967403,35.92627,Airport,Cafe,car,40.81,29046.4,2582,Sunday,19,45-54,F,sunny
606,2025-08-13 18:52:32,32.011304,35.939464,Hospital,Work,walk,7.81,1415.0,593,Wednesday,18,<18,M,cloudy
607,2025-07-30 19:53:58,31.931786,35.926858,Airport,Work,car,43.52,9526.9,766,Wednesday,19,18-24,F,sunny
608,2025-08-27 00:27:37,31.91766,35.878833,Home,Market,car,37.86,11776.5,1112,Wednesday,0,55+,M,sunny
609,2025-06-25 00:43:14,31.901638,35.971912,Home,Hospital,taxi,30.09,27687.6,3336,Wednesday,0,18-24,M,sunny
610,2025-07-06 14:22:25,31.999881,35.983246,Cafe,Airport,taxi,31.2,24360.3,2762,Sunday,14,45-54,M,sunny
611,2025-08-17 21:59:08,31.974631,35.964546,Home,Mall,car,43.95,27478.0,2274,Sunday,21,25-34,M,cloudy
612,2025-07-14 05:07:50,31.953332,35.910869,Mall,Park,car,34.74,3276.8,345,Monday,5,18-24,F,sunny
613,2025-08-07 23:53:08,31.963399,35.938955,Hospital,Hospital,car,41.87,20406.7,1728,Thursday,23,18-24,M,cloudy
614,2025-07-29 05:58:05,31.921235,35.944804,Home,Market,car,52.82,15292.8,1061,Tuesday,5,18-24,F,sunny
615,2025-08-03 10:31:00,32.028373,35.962964,Park,Work,walk,3.59,1664.8,1686,Sunday,10,18-24,F,sunny
616,2025-07-24 22:48:49,31.958877,35.96505,Park,Station,car,38.49,10096.2,973,Thursday,22,25-34,F,cloudy
617,2025-08-22 18:56:45,31.958282,35.922975,Cafe,Station,walk,2.31,1567.8,2400,Friday,18,35-44,F,sunny
618,2025-07-16 10:14:05,31.976773,35.94746,Home,Work,walk,3.27,1014.2,1109,Wednesday,10,55+,M,cloudy
619,2025-08-18 21:53:31,31.96943,35.958718,Home,University,walk,5.27,1899.5,1343,Monday,21,25-34,M,rain
620,2025-07-11 00:54:18,31.961717,35.988675,University,Home,car,26.48,3168.0,485,Friday,0,25-34,M,rain
621,2025-07-09 06:45:26,31.931286,35.966135,Hospital,Mall,bus,20.42,33371.0,5836,Wednesday,6,25-34,M,sunny
622,2025-06-27 12:20:32,31.969144,35.968672,Home,Home,car,56.73,3086.1,200,Friday,12,25-34,F,sunny
623,2025-07-03 23:42:27,32.011461,35.947515,University,Park,car,33.79,19175.2,2074,Thursday,23,25-34,M,cloudy
624,2025-06-27 09:57:49,31.995363,35.987314,Cafe,University,walk,3.87,1401.8,1322,Friday,9,<18,F,cloudy
625,2025-08-03 21:11:30,32.002796,35.957293,Airport,Park,car,52.74,16202.0,1060,Sunday,21,<18,M,cloudy
626,2025-08-24 06:03:18,31.939664,35.919167,University,Mall,bike,12.15,2170.7,619,Sunday,6,18-24,F,sunny
627,2025-07-03 07:38:57,31.925312,35.987101,Park,Work,car,43.35,12486.1,990,Thursday,7,18-24,M,sunny
628,2025-07-06 03:06:58,31.951226,35.965937,Park,Hospital,taxi,43.65,18069.6,1530,Sunday,3,35-44,M,sunny
629,2025-07-30 05:35:40,31.956672,35.931709,Mall,Airport,walk,6.03,687.2,363,Wednesday,5,18-24,F,cloudy
630,2025-08-20 20:49:44,31.987826,35.930615,University,Cafe,walk,3.68,1703.7,1669,Wednesday,20,45-54,M,sunny
631,2025-09-12 13:11:48,31.904226,35.953897,Hospital,Hospital,car,31.86,15740.3,1743,Friday,13,45-54,F,sunny
632,2025-08-02 20:56:28,32.000887,35.958896,Station,Cafe,taxi,33.9,6907.4,750,Saturday,20,55+,M,cloudy
633,2025-07-12 03:00:09,31.95026,35.950919,Airport,Mall,bus,23.82,28864.8,4327,Saturday,3,45-54,M,sunny
634,2025-06-25 16:51:42,31.942194,35.954339,Market,Market,bus,36.29,23981.9,2418,Wednesday,16,18-24,F,sunny
635,2025-07-04 03:01:10,31.924637,35.995999,Cafe,Park,car,43.66,12207.2,979,Friday,3,25-34,M,sunny
636,2025-07-07 03:05:21,31.905354,35.977146,Home,Airport,taxi,45.21,22845.0,1865,Monday,3,18-24,F,sunny
637,2025-07-02 19:19:09,31.979695,35.950719,Airport,Cafe,walk,3.21,1160.0,1306,Wednesday,19,35-44,M,sunny
638,2025-06-17 22:17:09,31.9572,35.973239,University,Airport,walk,5.24,986.2,642,Tuesday,22,45-54,F,sunny
639,2025-08-03 17:27:26,31.916301,35.914024,Hospital,Work,bus,41.64,38484.1,3312,Sunday,17,45-54,M,sunny
640,2025-07-11 08:14:16,31.916148,35.956938,Cafe,University,scooter,30.82,5745.8,701,Friday,8,25-34,M,sunny
641,2025-09-12 08:12:09,31.944926,35.999279,Mall,Airport,walk,4.45,932.4,746,Friday,8,35-44,M,sunny
642,2025-08-05 10:58:51,32.005071,35.938459,Cafe,Airport,walk,6.06,993.8,567,Tuesday,10,18-24,M,cloudy
643,2025-08-18 10:08:49,31.947212,35.919571,Airport,Market,walk,4.05,1237.2,1059,Monday,10,<18,M,sunny
644,2025-06-28 00:29:21,31.909906,35.925437,Airport,Park,walk,3.25,1202.4,1276,Saturday,0,35-44,F,sunny
645,2025-09-02 19:36:06,31.947628,35.912311,Market,Park,walk,3.32,700.1,769,Tuesday,19,25-34,F,sunny
646,2025-07-30 20:01:24,31.946818,35.921457,Station,Cafe,taxi,52.92,18736.9,1277,Wednesday,20,55+,M,sunny
647,2025-09-03 04:48:00,31.874093,35.933885,Hospital,Hospital,car,36.1,2221.7,277,Wednesday,4,18-24,M,sunny
648,2025-08-07 07:42:15,31.953371,35.902833,Mall,University,bus,25.36,4759.2,641,Thursday,7,45-54,M,sunny
649,2025-07-28 21:37:22,31.948072,35.945469,Work,Airport,bus,35.98,4322.1,460,Monday,21,25-34,M,cloudy
650,2025-07-26 07:08:17,31.975886,35.972068,Cafe,Park,car,27.71,13665.4,1834,Saturday,7,35-44,M,sunny
651,2025-07-03 05:57:03,32.010469,35.917767,Station,Station,bus,33.79,14526.6,1548,Thursday,5,35-44,M,rain
652,2025-06-21 06:41:57,31.988797,35.990579,Hospital,Market,car,37.83,3102.9,277,Saturday,6,45-54,F,sunny
653,2025-09-09 08:25:22,31.946933,35.960324,Airport,Park,car,60.36,20465.6,1190,Tuesday,8,18-24,F,sunny
654,2025-07-29 15:37:14,31.921804,35.975917,Park,Home,car,35.83,6640.0,607,Tuesday,15,45-54,M,sunny
655,2025-08-29 15:29:43,32.032201,35.925265,Hospital,Hospital,car,38.56,27435.6,2502,Friday,15,18-24,M,cloudy
656,2025-07-22 17:15:13,31.956777,35.970636,Cafe,Station,bus,18.68,2379.8,483,Tuesday,17,18-24,F,sunny
657,2025-06-23 07:44:34,31.955418,35.912242,Hospital,Work,taxi,62.31,20916.0,1159,Monday,7,25-34,M,sunny
658,2025-08-12 07:19:41,31.954276,35.971707,Market,Airport,car,36.48,2695.9,322,Tuesday,7,35-44,F,sunny
659,2025-06-21 11:31:16,31.960943,35.950155,Market,Work,bus,43.84,4509.7,324,Saturday,11,25-34,F,sunny
660,2025-06-30 01:59:32,31.950669,35.961598,Hospital,Cafe,walk,2.98,356.7,476,Monday,1,35-44,M,windy
661,2025-08-06 07:27:32,31.93779,35.909732,Market,Mall,bus,32.21,8149.5,923,Wednesday,7,35-44,M,sunny
662,2025-07-14 00:00:36,31.938594,35.918148,Station,Airport,car,60.87,16521.9,1002,Monday,0,18-24,F,cloudy
663,2025-09-14 02:35:19,31.954017,35.962917,University,Work,walk,4.26,112.3,97,Sunday,2,45-54,F,cloudy
664,2025-06-27 07:34:51,31.938697,35.91655,Park,Work,car,42.07,5369.0,418,Friday,7,18-24,M,sunny
665,2025-08-24 10:55:24,31.933615,35.958896,Cafe,Cafe,car,53.31,9171.8,570,Sunday,10,45-54,F,sunny
666,2025-08-10 05:22:18,31.958193,35.903986,Cafe,University,walk,4.59,1288.8,1049,Sunday,5,25-34,M,cloudy
667,2025-08-26 19:43:32,31.947351,35.970445,Cafe,Mall,scooter,12.78,5385.3,1521,Tuesday,19,25-34,M,sunny
668,2025-07-06 23:12:35,32.00012,35.908024,Park,Home,walk,4.42,1615.2,1264,Sunday,23,25-34,F,sunny
669,2025-08-02 16:28:55,31.875471,35.961569,Cafe,Station,taxi,42.9,10818.2,939,Saturday,16,18-24,F,cloudy
670,2025-07-27 04:50:12,31.987745,35.963769,Airport,Airport,car,42.78,24010.2,2052,Sunday,4,25-34,F,cloudy
671,2025-07-26 12:00:10,31.992383,35.924097,Station,Park,car,46.88,28503.1,2140,Saturday,12,18-24,F,cloudy
672,2025-09-02 01:41:07,31.892798,35.962461,Station,Work,car,31.69,1398.6,213,Tuesday,1,18-24,M,cloudy
673,2025-09-13 18:11:35,31.944719,35.952813,Cafe,Mall,car,59.83,21351.5,1256,Saturday,18,18-24,M,sunny
674,2025-07-14 03:20:48,31.943857,35.928835,Mall,Station,car,32.0,6106.5,708,Monday,3,25-34,M,sunny
675,2025-08-11 13:08:40,31.912775,35.914743,Market,Hospital,car,40.8,5765.9,477,Monday,13,35-44,M,sunny
676,2025-08-10 12:31:41,31.931665,35.886121,Home,Station,car,43.27,1595.2,130,Sunday,12,25-34,F,cloudy
677,2025-08-22 06:19:06,31.921683,35.95549,Airport,Market,car,42.27,18501.7,1552,Friday,6,45-54,M,windy
678,2025-09-09 22:31:13,32.007568,35.898056,Hospital,Airport,taxi,29.1,20919.7,2561,Tuesday,22,25-34,F,sunny
679,2025-07-05 08:32:50,31.98307,35.94786,Airport,Cafe,walk,6.63,1951.3,1058,Saturday,8,35-44,F,sunny
680,2025-07-05 15:32:23,31.993147,35.937097,Airport,Park,car,34.72,8861.8,864,Saturday,15,35-44,M,sunny
681,2025-08-15 02:15:01,31.97665,35.965374,Station,Park,bike,16.25,5647.2,1203,Friday,2,25-34,M,rain
682,2025-06-30 18:58:07,31.921128,35.935939,Cafe,Work,bus,31.58,27882.2,3222,Monday,18,35-44,F,sunny
683,2025-07-02 07:09:46,31.939264,35.935117,Market,Home,bus,31.54,23375.9,2630,Wednesday,7,18-24,F,sunny
684,2025-06-23 09:51:56,31.969681,35.966956,Mall,Station,bike,10.45,5751.0,2032,Monday,9,45-54,F,hot
685,2025-06-16 21:30:18,31.918336,35.955052,Park,Park,walk,4.27,1282.7,1026,Monday,21,35-44,M,rain
686,2025-07-27 04:48:48,31.97639,35.954485,Home,Station,walk,5.49,716.9,519,Sunday,4,18-24,M,sunny
687,2025-08-09 02:21:27,31.94779,35.959078,University,Mall,car,25.29,26117.1,3694,Saturday,2,35-44,M,windy
688,2025-07-12 20:50:44,31.943755,35.898933,Hospital,Airport,car,37.79,17998.4,1700,Saturday,20,<18,M,sunny
689,2025-07-07 11:42:51,31.976329,35.967704,Airport,Airport,taxi,41.07,4593.3,444,Monday,11,18-24,F,sunny
690,2025-08-19 06:45:00,31.968328,35.963374,Mall,Airport,car,46.35,5955.2,488,Tuesday,6,18-24,F,sunny
691,2025-08-18 22:10:43,31.944171,35.9145,Airport,Park,bike,15.26,3591.3,827,Monday,22,35-44,M,rain
692,2025-07-27 12:25:59,31.98978,35.937678,Market,Cafe,bus,28.49,13673.9,1721,Sunday,12,35-44,M,cloudy
693,2025-08-17 12:28:37,31.922568,35.943821,Airport,Airport,car,42.45,2851.4,275,Sunday,12,35-44,M,sunny
694,2025-09-07 19:22:24,31.973478,35.940965,Park,University,car,37.51,9405.2,856,Sunday,19,<18,F,windy
695,2025-08-26 13:26:02,31.972793,35.955016,Mall,Mall,walk,3.96,1065.6,920,Tuesday,13,25-34,M,sunny
696,2025-08-11 21:51:03,31.945714,35.987941,Cafe,Cafe,car,35.07,1339.4,185,Monday,21,35-44,F,cloudy
697,2025-08-15 03:52:51,31.964784,35.977453,Cafe,Park,taxi,43.93,10005.4,856,Friday,3,18-24,M,cloudy
698,2025-09-08 16:26:57,31.917467,35.905633,Hospital,Park,car,38.19,11453.3,1132,Monday,16,25-34,F,sunny
699,2025-07-24 22:01:32,31.982721,35.963662,Station,Hospital,car,65.97,24452.6,1279,Thursday,22,18-24,M,sunny
700,2025-08-04 15:58:49,31.949453,35.984868,Home,Market,car,28.7,6519.3,758,Monday,15,18-24,M,rain
701,2025-08-13 22:36:59,31.939318,35.956604,Hospital,University,scooter,21.8,7365.2,1265,Wednesday,22,25-34,F,sunny
702,2025-09-06 09:53:39,31.98647,35.977729,Hospital,Cafe,bike,16.56,1151.0,207,Saturday,9,35-44,M,cloudy
703,2025-08-30 01:14:55,31.93387,36.005368,Market,Airport,car,40.61,26030.9,2331,Saturday,1,18-24,M,sunny
704,2025-06-23 01:58:14,31.912746,35.975711,University,Work,taxi,36.88,17948.8,1774,Monday,1,18-24,M,cloudy
705,2025-07-01 14:07:07,31.908301,35.952479,Work,Market,walk,4.97,1429.2,996,Tuesday,14,18-24,M,sunny
706,2025-07-14 08:10:01,31.97318,35.976353,University,Park,car,39.84,21931.3,1963,Monday,8,18-24,M,sunny
707,2025-08-23 01:28:27,31.916587,35.949347,Market,University,car,55.84,21474.1,1369,Saturday,1,18-24,F,sunny
708,2025-08-06 21:12:45,32.007644,35.945717,Mall,Airport,car,22.44,24488.4,3982,Wednesday,21,25-34,F,rain
709,2025-07-12 15:07:27,31.892542,35.934458,Market,Market,car,31.14,20794.9,2400,Saturday,15,35-44,M,sunny
710,2025-06-27 20:19:46,32.005894,35.991902,Home,Park,car,42.52,29541.1,2520,Friday,20,25-34,M,sunny
711,2025-08-17 15:16:12,31.961331,35.920447,Market,Work,car,50.51,25682.0,1804,Sunday,15,35-44,M,windy
712,2025-08-18 15:09:01,31.952099,35.990971,Hospital,Market,walk,4.01,1388.8,1298,Monday,15,35-44,M,cloudy
713,2025-09-09 11:54:22,31.938652,35.959996,University,Airport,car,29.29,4183.6,547,Tuesday,11,18-24,M,sunny
714,2025-07-31 16:44:43,31.966974,35.903021,Station,Station,walk,4.83,1330.3,942,Thursday,16,<18,F,hot
715,2025-07-31 02:19:23,31.953871,35.956029,Station,Work,walk,3.95,1506.7,1360,Thursday,2,45-54,M,cloudy
716,2025-06-23 21:28:47,31.988099,35.881999,Hospital,Station,taxi,38.65,24180.4,2296,Monday,21,18-24,M,sunny
717,2025-06-20 05:49:29,31.958427,35.963765,University,Hospital,car,31.39,21003.5,2391,Friday,5,18-24,F,sunny
718,2025-07-25 12:54:26,31.959509,35.971557,Park,Home,taxi,46.52,1311.0,64,Friday,12,<18,F,cloudy
719,2025-07-15 15:56:24,31.944092,35.927229,University,Cafe,walk,4.0,1687.0,1472,Tuesday,15,25-34,F,cloudy
720,2025-07-09 04:31:12,31.953292,35.948706,University,Home,car,23.9,12321.4,1846,Wednesday,4,25-34,F,sunny
721,2025-06-24 20:59:29,31.964234,36.003625,Hospital,University,walk,5.79,1888.0,1164,Tuesday,20,55+,F,sunny
722,2025-09-11 05:27:12,31.903695,35.929828,Market,Park,bus,29.99,8873.2,1063,Thursday,5,45-54,M,sunny
723,2025-08-30 21:23:46,31.914554,35.913233,University,Market,bus,26.67,31979.0,4290,Saturday,21,25-34,M,sunny
724,2025-08-07 10:09:20,31.977298,35.98945,Mall,Hospital,walk,4.53,111.4,134,Thursday,10,25-34,M,sunny
725,2025-09-10 05:25:26,31.960126,36.003878,Park,Market,scooter,20.54,2851.8,488,Wednesday,5,18-24,F,sunny
726,2025-09-14 14:48:07,31.94948,35.945111,Market,Station,walk,3.72,275.5,294,Sunday,14,18-24,F,cloudy
727,2025-08-16 03:51:13,31.955553,35.975344,Work,Mall,car,26.49,15822.0,2198,Saturday,3,18-24,M,cloudy
728,2025-07-10 21:52:09,31.965427,35.985244,Park,Market,taxi,31.62,29397.8,3347,Thursday,21,18-24,F,sunny
729,2025-06-20 06:37:33,31.938807,35.922725,Cafe,Work,bus,27.53,37415.4,4934,Friday,6,18-24,F,sunny
730,2025-08-23 17:15:58,31.931651,35.930441,Park,Park,taxi,30.89,26429.3,3073,Saturday,17,18-24,F,sunny
731,2025-07-29 00:00:26,31.960875,35.981926,Home,Market,car,55.77,3547.9,252,Tuesday,0,25-34,F,sunny
732,2025-08-14 06:59:09,31.925649,35.99555,Hospital,Park,walk,3.99,1453.8,1364,Thursday,6,55+,F,windy
733,2025-09-07 02:26:33,31.967248,35.961886,Park,Park,walk,5.04,1047.1,789,Sunday,2,25-34,M,cloudy
734,2025-07-02 23:44:31,31.903922,35.918606,Mall,Hospital,car,44.58,6432.2,480,Wednesday,23,55+,M,sunny
735,2025-08-08 08:02:15,31.985875,36.004612,Cafe,Station,bus,39.53,26773.5,2392,Friday,8,25-34,M,sunny
736,2025-08-12 18:51:37,31.969178,35.929071,Work,Airport,walk,7.11,149.6,31,Tuesday,18,25-34,M,sunny
737,2025-07-30 21:51:11,31.962681,35.934946,Work,Station,car,62.11,7018.4,435,Wednesday,21,25-34,M,cloudy
738,2025-06-24 20:48:32,31.984481,35.95527,Station,Hospital,car,51.35,7041.7,525,Tuesday,20,18-24,F,sunny
739,2025-07-17 23:19:17,32.004964,35.991625,Station,Cafe,car,49.57,18581.7,1296,Thursday,23,18-24,F,rain
740,2025-07-16 15:40:18,31.985431,35.970619,Airport,Work,car,29.89,25527.1,3134,Wednesday,15,45-54,F,cloudy
741,2025-08-15 23:12:50,31.899774,35.957446,Cafe,Cafe,car,45.18,22567.5,1846,Friday,23,55+,M,sunny
742,2025-09-01 20:25:44,31.916613,35.958899,Mall,Mall,bus,27.95,17010.4,2150,Monday,20,<18,M,rain
743,2025-07-16 08:06:05,31.936255,35.946305,Hospital,Airport,walk,4.7,1917.9,1422,Wednesday,8,18-24,M,cloudy
744,2025-08-18 02:03:38,31.955783,35.961744,Mall,Cafe,bus,26.71,13793.8,1852,Monday,2,25-34,M,cloudy
745,2025-07-12 14:16:33,31.97053,35.869113,Airport,Park,walk,3.76,1633.0,1619,Saturday,14,18-24,M,windy
746,2025-09-09 17:20:36,31.933228,35.936102,Mall,Park,walk,4.32,623.7,534,Tuesday,17,25-34,M,sunny
747,2025-08-28 21:01:41,31.960603,35.95224,Hospital,Home,car,31.14,13578.1,1570,Thursday,21,18-24,M,sunny
748,2025-08-05 03:56:03,31.932339,35.91047,Market,Home,bus,15.95,17631.0,4021,Tuesday,3,25-34,F,rain
749,2025-07-27 14:08:58,31.936654,35.95659,Hospital,University,bike,19.08,6644.6,1265,Sunday,14,18-24,M,cloudy
750,2025-07-14 23:04:57,31.9128,35.938866,Home,Park,car,40.16,24151.1,2190,Monday,23,25-34,F,windy
751,2025-07-15 17:59:48,31.927303,35.997664,Park,Home,car,40.56,4487.3,394,Tuesday,17,18-24,M,sunny
752,2025-09-11 23:19:28,31.914449,35.992191,Work,Mall,walk,4.91,337.0,210,Thursday,23,25-34,F,cloudy
753,2025-07-23 00:44:37,31.925724,35.931026,University,Airport,bus,38.36,39595.9,3733,Wednesday,0,55+,M,sunny
754,2025-08-01 23:15:12,31.986609,35.940475,Park,Cafe,bus,31.17,25204.4,2898,Friday,23,25-34,M,sunny
755,2025-09-13 14:03:46,31.926518,35.942782,Cafe,Hospital,walk,6.68,541.1,330,Saturday,14,45-54,M,sunny
756,2025-08-14 20:16:19,32.033971,35.93145,Park,Home,car,46.21,5846.6,440,Thursday,20,35-44,F,sunny
757,2025-08-04 11:43:39,31.9698,35.950851,Station,Station,bus,24.18,7132.7,1079,Monday,11,55+,M,sunny
758,2025-07-23 20:20:25,31.960545,35.922252,Station,Airport,car,52.18,10131.5,641,Wednesday,20,35-44,M,cloudy
759,2025-07-03 12:54:13,31.929249,35.911082,Mall,Airport,car,43.2,21240.8,1820,Thursday,12,35-44,F,sunny
760,2025-07-19 05:10:08,31.976009,35.963681,Work,University,walk,4.88,1108.6,844,Saturday,5,45-54,M,sunny
761,2025-08-23 17:38:33,31.937731,35.963886,University,Mall,car,49.13,12724.8,984,Saturday,17,18-24,M,sunny
762,2025-08-11 22:36:30,31.95866,35.920871,Park,Market,walk,5.03,537.8,431,Monday,22,25-34,M,sunny
763,2025-08-24 01:18:18,32.031803,35.971861,Park,University,bus,35.69,21040.7,2155,Sunday,1,55+,F,windy
764,2025-07-04 23:24:40,31.952118,35.926053,Work,Home,car,28.29,20109.6,2613,Friday,23,35-44,M,sunny
765,2025-08-05 02:02:23,31.989478,35.952595,Cafe,Station,bike,15.15,1932.8,415,Tuesday,2,55+,M,sunny
766,2025-09-08 03:29:55,31.933905,35.96961,Station,Market,bus,24.67,26036.3,3800,Monday,3,35-44,M,rain
767,2025-07-26 02:03:22,31.95395,35.943992,Hospital,Park,walk,7.6,674.7,376,Saturday,2,45-54,M,cloudy
768,2025-08-18 11:56:44,32.008124,35.958642,Cafe,Mall,car,53.17,19555.5,1326,Monday,11,35-44,F,cloudy
769,2025-06-27 14:00:21,31.936191,35.929507,Home,Home,car,42.05,6609.5,519,Friday,14,35-44,M,cloudy
770,2025-09-12 05:43:21,32.009373,35.939106,Mall,Airport,bike,18.63,5610.8,1137,Friday,5,25-34,M,windy
771,2025-08-10 10:53:18,31.976233,35.938824,Work,Cafe,scooter,16.75,7498.9,1603,Sunday,10,45-54,M,sunny
772,2025-07-08 04:36:29,31.938126,35.922603,Airport,Station,bus,26.38,17449.3,2377,Tuesday,4,35-44,M,hot
773,2025-06-30 21:49:20,31.973972,35.939697,Cafe,University,walk,2.69,753.6,953,Monday,21,35-44,M,rain
774,2025-08-05 05:32:16,31.984177,35.898541,Park,Home,car,46.56,9417.3,676,Tuesday,5,35-44,M,sunny
775,2025-08-05 08:35:18,31.973654,35.930265,University,Airport,car,19.9,16890.4,3028,Tuesday,8,25-34,M,cloudy
776,2025-06-25 01:03:26,31.907893,35.936454,Home,Station,scooter,17.25,7848.4,1660,Wednesday,1,<18,F,cloudy
777,2025-09-13 23:00:03,31.933186,35.937315,Airport,Mall,car,28.02,16333.5,2078,Saturday,23,45-54,M,sunny
778,2025-09-06 19:39:14,31.947574,35.937755,Station,Hospital,car,50.17,25363.7,1760,Saturday,19,25-34,M,sunny
779,2025-07-28 04:27:10,31.952767,35.943147,Home,Airport,car,60.35,7131.0,455,Monday,4,18-24,M,windy
780,2025-06-27 05:27:08,31.97362,35.959383,University,Work,car,48.22,22611.4,1739,Friday,5,18-24,M,sunny
781,2025-08-30 13:09:17,31.960331,35.971236,Work,Cafe,car,46.27,5899.7,485,Saturday,13,35-44,F,sunny
782,2025-07-31 12:12:59,31.91494,35.925507,Airport,Mall,walk,5.26,1527.6,1052,Thursday,12,35-44,M,cloudy
783,2025-08-20 03:35:19,31.966406,35.908904,Station,Home,bus,31.02,22972.0,2703,Wednesday,3,35-44,M,sunny
784,2025-08-01 10:53:20,31.973318,35.913739,Park,Station,car,31.83,12263.2,1421,Friday,10,25-34,F,sunny
785,2025-07-11 06:19:23,31.971794,35.930384,Hospital,Work,taxi,24.98,22561.5,3264,Friday,6,25-34,M,cloudy
786,2025-08-30 18:43:45,31.987423,35.934442,University,Station,bike,15.32,823.0,225,Saturday,18,25-34,M,cloudy
787,2025-09-12 21:03:14,31.980018,35.9219,Station,Park,car,43.33,25153.1,2101,Friday,21,<18,M,sunny
788,2025-07-08 14:11:03,31.968775,35.906117,Park,Market,taxi,43.27,5424.5,419,Tuesday,14,35-44,M,windy
789,2025-08-05 06:27:29,31.952895,35.931316,Station,Market,car,44.71,16403.5,1345,Tuesday,6,18-24,F,sunny
790,2025-07-21 04:16:16,31.905171,35.950443,Park,Park,bus,35.88,29762.5,3037,Monday,4,25-34,M,sunny
791,2025-09-07 14:57:38,31.967889,35.962851,Park,Station,bus,30.51,13068.5,1525,Sunday,14,25-34,M,sunny
792,2025-08-01 09:31:33,31.961231,35.928277,Home,Hospital,car,30.93,29206.0,3405,Friday,9,25-34,M,cloudy
793,2025-09-03 19:04:12,31.963147,35.93261,Park,Market,car,44.36,28078.7,2284,Wednesday,19,45-54,M,sunny
794,2025-09-02 10:01:25,31.916698,35.917199,Market,Airport,walk,5.8,759.0,499,Tuesday,10,<18,F,sunny
795,2025-07-11 12:25:11,31.922568,35.944057,Market,Park,car,37.07,22251.1,2189,Friday,12,35-44,M,rain
796,2025-08-26 18:08:20,31.986595,35.919547,Mall,Station,walk,5.81,1499.2,947,Tuesday,18,18-24,F,sunny
797,2025-07-24 00:00:04,31.953813,35.962194,University,University,car,41.18,23926.1,2043,Thursday,0,<18,M,cloudy
798,2025-09-08 17:42:07,31.975445,35.891424,Mall,Market,car,29.6,6836.6,826,Monday,17,25-34,F,sunny
799,2025-08-01 08:26:20,31.95585,35.934211,Station,Home,car,64.49,5645.9,339,Friday,8,18-24,M,hot
800,2025-08-29 12:06:44,31.955893,35.954033,Home,University,bike,13.98,6339.2,1665,Friday,12,35-44,M,sunny
801,2025-07-12 02:39:27,31.983149,35.950515,Market,Hospital,taxi,30.26,17190.4,2016,Saturday,2,25-34,F,sunny
802,2025-07-13 12:36:22,31.939519,36.025791,Work,Market,walk,4.19,879.6,756,Sunday,12,<18,F,sunny
803,2025-08-08 11:30:39,31.957884,35.955494,Cafe,Home,walk,2.32,718.5,1098,Friday,11,<18,M,rain
804,2025-09-14 13:21:16,31.941132,35.914878,Cafe,University,walk,4.68,608.4,492,Sunday,13,25-34,M,rain
805,2025-07-30 17:20:55,31.941965,35.942136,Market,Home,taxi,53.77,10011.9,696,Wednesday,17,35-44,M,sunny
806,2025-06-30 00:41:29,31.945725,35.891713,Mall,Park,taxi,42.01,6512.7,580,Monday,0,25-34,F,cloudy
807,2025-08-04 03:03:34,31.961664,35.942582,Park,Market,car,32.35,21337.1,2363,Monday,3,25-34,M,sunny
808,2025-07-17 17:11:35,31.940638,35.920008,Hospital,Airport,bus,29.65,21697.6,2593,Thursday,17,35-44,F,windy
809,2025-08-05 07:52:01,31.992673,35.972462,University,Airport,walk,2.7,1818.9,2472,Tuesday,7,25-34,F,windy
810,2025-08-04 13:32:04,31.928162,35.928514,University,Work,taxi,39.65,3624.1,374,Monday,13,18-24,F,hot
811,2025-07-27 15:16:11,31.949394,35.941497,Airport,Market,walk,4.62,1773.2,1392,Sunday,15,25-34,M,rain
812,2025-07-15 14:45:52,31.941808,35.925933,Park,Park,walk,6.14,1484.6,924,Tuesday,14,25-34,M,windy
813,2025-07-03 15:12:52,31.998409,35.997166,Work,Home,walk,5.41,1358.9,922,Thursday,15,35-44,F,sunny
814,2025-08-18 10:19:19,31.960897,35.935363,University,Park,car,30.68,22652.9,2604,Monday,10,25-34,F,rain
815,2025-08-07 02:48:30,31.985955,35.999977,Home,Mall,bus,37.32,31117.1,2942,Thursday,2,55+,F,cloudy
816,2025-07-07 16:13:13,31.910433,35.969425,Work,Hospital,car,52.64,17677.5,1230,Monday,16,18-24,M,windy
817,2025-08-25 10:54:05,31.963012,35.959462,Park,University,taxi,43.78,1528.2,184,Monday,10,55+,F,sunny
818,2025-06-20 14:00:13,31.981689,35.956062,Cafe,Hospital,car,37.81,11630.3,1067,Friday,14,25-34,M,sunny
819,2025-08-22 16:17:19,31.957469,35.956814,Park,Park,walk,4.38,147.2,124,Friday,16,35-44,M,sunny
820,2025-08-19 03:01:03,31.986964,35.88717,Cafe,Airport,car,56.32,2913.4,234,Tuesday,3,18-24,F,cloudy
821,2025-08-28 16:22:07,31.939481,35.936633,Market,Station,car,42.96,17004.0,1424,Thursday,16,25-34,M,sunny
822,2025-07-21 09:39:20,31.99728,35.970355,Home,Hospital,bus,30.76,21256.8,2536,Monday,9,35-44,F,sunny
823,2025-08-15 09:17:36,32.023967,35.943533,Station,Station,car,28.68,1608.6,204,Friday,9,35-44,M,sunny
824,2025-08-29 12:32:24,31.944115,35.902844,Hospital,Cafe,car,31.55,8915.7,1068,Friday,12,<18,M,sunny
825,2025-09-12 22:17:33,31.941635,35.943428,Cafe,Park,bike,10.86,1155.1,343,Friday,22,25-34,M,sunny
826,2025-07-31 05:38:07,31.998602,35.996123,Cafe,University,car,37.67,21814.1,2033,Thursday,5,18-24,M,sunny
827,2025-06-19 23:41:16,32.002387,35.982407,Cafe,Airport,taxi,34.6,22485.0,2375,Thursday,23,55+,M,windy
828,2025-07-31 20:40:27,31.939314,35.94314,Hospital,Park,walk,5.17,309.2,217,Thursday,20,45-54,F,cloudy
829,2025-08-08 18:30:54,31.942394,35.973543,Cafe,Work,bus,38.91,29582.9,2718,Friday,18,<18,F,sunny
830,2025-09-02 22:16:41,31.946546,35.934005,Airport,Hospital,car,46.77,28604.6,2171,Tuesday,22,45-54,M,cloudy
831,2025-09-03 07:58:36,31.914666,35.893884,Station,Park,bike,17.64,2463.1,484,Wednesday,7,45-54,M,cloudy
832,2025-07-26 06:47:13,31.92744,35.917266,Station,University,taxi,50.86,27818.3,1944,Saturday,6,25-34,F,sunny
833,2025-08-02 23:46:47,31.924876,35.991887,University,Mall,car,32.28,24973.8,2731,Saturday,23,35-44,F,sunny
834,2025-07-27 18:41:24,31.931966,35.93678,University,Work,car,36.09,1072.4,110,Sunday,18,25-34,F,cloudy
835,2025-08-20 16:12:15,31.953959,35.937698,Airport,Market,walk,4.37,1781.0,1435,Wednesday,16,35-44,F,sunny
836,2025-07-23 13:16:45,31.962026,35.936005,Airport,Park,walk,5.88,1413.8,875,Wednesday,13,25-34,M,cloudy
837,2025-08-14 14:03:11,32.001515,36.002124,Cafe,Station,bus,20.72,4257.3,761,Thursday,14,25-34,M,sunny
838,2025-06-30 13:08:44,31.925049,35.993779,Home,Mall,car,54.32,25072.1,1649,Monday,13,25-34,M,sunny
839,2025-07-28 21:49:30,31.98453,36.011563,Market,Market,scooter,17.87,6203.4,1240,Monday,21,18-24,M,hot
840,2025-09-11 21:12:19,31.94858,35.940229,Airport,Park,walk,3.68,1016.3,1038,Thursday,21,35-44,F,sunny
841,2025-07-17 03:01:04,31.953516,35.953869,University,Work,walk,4.53,334.2,235,Thursday,3,25-34,M,cloudy
842,2025-08-17 23:58:02,31.975245,35.899501,Home,Airport,walk,4.61,1739.7,1308,Sunday,23,25-34,F,sunny
843,2025-08-14 03:22:21,31.921318,35.989308,Hospital,Hospital,car,38.08,17732.2,1674,Thursday,3,45-54,F,sunny
844,2025-09-01 07:32:18,31.966472,35.909967,Work,Work,taxi,38.51,3319.6,306,Monday,7,25-34,F,sunny
845,2025-09-01 08:46:58,31.959994,35.951503,Market,Market,car,50.76,2389.0,211,Monday,8,25-34,F,sunny
846,2025-09-01 23:54:16,31.969774,35.912081,Airport,Home,car,43.14,24196.2,2032,Monday,23,55+,M,sunny
847,2025-07-20 20:32:45,31.963675,35.927334,Station,Cafe,bus,21.11,8691.7,1479,Sunday,20,45-54,F,sunny
848,2025-07-15 03:42:49,32.028659,35.919882,University,Mall,bus,27.25,36913.1,4827,Tuesday,3,18-24,M,sunny
849,2025-08-20 08:09:18,31.935868,35.926764,Mall,Station,walk,4.34,982.5,863,Wednesday,8,25-34,M,cloudy
850,2025-08-24 00:02:00,31.93907,35.928826,University,Work,bus,30.42,33063.1,3915,Sunday,0,55+,F,sunny
851,2025-09-03 04:04:22,31.936306,35.928552,Airport,Work,car,39.12,25941.4,2384,Wednesday,4,25-34,M,rain
852,2025-06-19 21:16:03,31.938336,35.97,Work,Cafe,walk,7.13,328.7,145,Thursday,21,25-34,F,sunny
853,2025-06-22 19:30:51,31.935878,35.911854,Cafe,Airport,walk,6.05,1133.2,629,Sunday,19,18-24,F,sunny
854,2025-08-12 11:02:00,31.99067,35.951616,Market,Mall,car,45.74,20579.7,1622,Tuesday,11,18-24,F,cloudy
855,2025-09-07 12:55:56,31.997615,35.981539,Park,University,car,20.13,17497.0,3164,Sunday,12,35-44,M,sunny
856,2025-09-14 10:09:55,31.937878,35.929604,Park,Station,bike,17.5,2431.0,523,Sunday,10,35-44,F,sunny
857,2025-08-22 20:44:27,31.930029,35.923462,Park,Market,walk,2.94,333.5,350,Friday,20,55+,M,sunny
858,2025-07-25 17:06:14,31.969142,35.938084,Park,Home,bus,26.27,14230.8,1903,Friday,17,35-44,F,rain
859,2025-06-25 12:21:45,31.938433,35.980392,Home,Mall,taxi,36.51,22692.1,2228,Wednesday,12,18-24,M,cloudy
860,2025-08-12 16:37:15,31.973988,35.950823,Hospital,Work,bus,38.26,8657.5,806,Tuesday,16,<18,F,sunny
861,2025-09-03 04:29:48,31.961088,35.929064,University,Mall,bike,12.1,1539.7,402,Wednesday,4,55+,M,sunny
862,2025-07-26 14:04:16,31.909528,35.959516,Market,Mall,walk,4.77,1273.1,971,Saturday,14,25-34,M,rain
863,2025-08-18 02:46:04,32.001425,35.911931,Work,Park,walk,3.43,1001.4,1061,Monday,2,25-34,M,sunny
864,2025-09-05 23:07:17,32.008876,35.965441,Hospital,Cafe,walk,5.59,1740.3,1060,Friday,23,45-54,M,sunny
865,2025-06-20 19:03:57,31.936616,35.957258,Mall,Park,car,35.43,29418.3,3034,Friday,19,25-34,F,sunny
866,2025-08-27 07:23:43,31.943369,35.935766,Mall,Market,car,41.56,18679.0,1569,Wednesday,7,18-24,M,sunny
867,2025-07-13 01:23:59,31.963576,35.919842,Market,Airport,car,14.72,17619.0,4349,Sunday,1,45-54,M,sunny
868,2025-07-20 09:22:56,31.965034,35.9184,University,Mall,car,29.31,3628.1,462,Sunday,9,55+,M,rain
869,2025-06-29 18:09:22,31.974756,35.961045,Market,University,bike,15.56,1879.8,453,Sunday,18,18-24,M,sunny
870,2025-08-03 11:02:41,32.015306,35.981869,Cafe,Home,car,46.36,17314.9,1365,Sunday,11,45-54,M,sunny
871,2025-08-06 14:07:48,31.949692,35.925881,Cafe,Hospital,car,54.47,17927.2,1162,Wednesday,14,25-34,F,windy
872,2025-08-26 23:34:03,31.931051,35.958752,University,Park,car,52.72,6321.0,484,Tuesday,23,25-34,M,sunny
873,2025-07-01 22:53:24,31.91362,35.882389,Airport,Market,walk,4.29,1257.6,1060,Tuesday,22,45-54,M,sunny
874,2025-06-23 18:17:49,31.933072,35.927461,University,Market,car,41.39,17066.5,1495,Monday,18,55+,M,sunny
875,2025-09-03 00:44:20,31.954006,35.944068,Work,Mall,bike,17.25,6877.7,1401,Wednesday,0,18-24,M,cloudy
876,2025-08-11 10:17:59,32.008837,35.917709,Airport,Airport,walk,5.35,1963.2,1344,Monday,10,18-24,M,sunny
877,2025-07-08 07:55:04,31.939472,35.916905,University,Work,bus,27.28,3863.9,534,Tuesday,7,18-24,M,sunny
878,2025-09-06 19:26:10,31.961714,35.924967,Airport,University,bus,31.46,33828.8,3869,Saturday,19,25-34,F,hot
879,2025-06-29 12:51:35,31.954507,35.953766,Market,Mall,walk,6.63,694.5,360,Sunday,12,<18,M,rain
880,2025-07-28 03:48:33,31.990652,35.93938,Park,Hospital,walk,4.95,855.5,608,Monday,3,25-34,M,cloudy
881,2025-07-09 12:18:59,32.030808,35.877853,Hospital,Park,car,45.13,3545.1,327,Wednesday,12,18-24,M,sunny
882,2025-07-09 15:13:52,31.939074,35.881379,Park,Station,walk,5.3,1736.8,1125,Wednesday,15,25-34,F,sunny
883,2025-06-17 12:01:26,31.940317,35.926794,Work,Airport,car,33.54,11301.3,1257,Tuesday,12,<18,F,sunny
884,2025-08-28 01:43:58,31.986325,35.958731,Cafe,Hospital,walk,6.23,188.3,76,Thursday,1,35-44,M,sunny
885,2025-09-05 18:20:16,31.975457,35.862575,Work,Hospital,walk,4.98,281.5,251,Friday,18,18-24,F,cloudy
886,2025-08-16 15:21:54,32.010401,35.930008,Cafe,Mall,bus,27.19,9372.1,1238,Saturday,15,25-34,M,sunny
887,2025-06-30 20:57:10,31.972518,35.929213,Market,Station,bus,31.89,26078.0,2925,Monday,20,45-54,M,rain
888,2025-07-26 09:51:42,31.944221,35.98665,Market,Mall,walk,6.38,456.2,268,Saturday,9,35-44,M,sunny
889,2025-07-17 18:08:50,31.97272,35.933449,Airport,Station,car,41.72,16176.5,1433,Thursday,18,18-24,M,sunny
890,2025-08-08 12:52:49,31.988261,35.95649,Home,Market,walk,5.18,1833.9,1293,Friday,12,18-24,M,cloudy
891,2025-08-13 03:49:59,31.979614,35.949238,Cafe,University,walk,5.58,1494.7,980,Wednesday,3,35-44,M,sunny
892,2025-07-24 20:13:58,31.970218,35.881083,Market,Airport,taxi,47.16,4056.4,309,Thursday,20,25-34,M,rain
893,2025-07-09 03:56:15,31.987,35.968046,Home,Market,car,37.49,1251.8,151,Wednesday,3,35-44,M,hot
894,2025-08-31 17:34:55,31.990079,35.951462,Mall,Airport,car,38.67,5591.0,544,Sunday,17,25-34,M,sunny
895,2025-07-04 14:02:03,31.996465,35.960248,Mall,Park,bus,27.42,38865.9,5088,Friday,14,25-34,M,sunny
896,2025-07-21 06:39:46,31.974461,36.062787,Airport,Work,bus,33.77,24697.1,2663,Monday,6,25-34,F,sunny
897,2025-07-30 03:27:17,31.949986,35.882477,Work,University,bus,29.86,10325.6,1241,Wednesday,3,35-44,M,cloudy
898,2025-07-08 00:05:23,31.959401,35.996741,Park,Airport,walk,3.08,1969.5,2256,Tuesday,0,45-54,F,sunny
899,2025-08-07 03:04:42,31.991195,35.936377,Mall,Work,walk,5.04,256.5,135,Thursday,3,<18,F,cloudy
900,2025-08-07 09:19:09,31.930492,35.95362,Airport,Work,car,40.64,20448.5,1848,Thursday,9,25-34,M,sunny
901,2025-09-13 23:56:25,31.96606,35.943635,Station,Work,car,28.05,22995.0,2975,Saturday,23,<18,M,cloudy
902,2025-07-13 05:25:26,31.9432,35.932273,Home,Mall,taxi,46.25,3524.9,242,Sunday,5,25-34,M,cloudy
903,2025-09-12 16:05:08,31.955862,35.927905,Hospital,Work,car,37.19,29093.4,2756,Friday,16,45-54,M,sunny
904,2025-08-14 21:30:07,31.993354,35.954885,Station,Mall,taxi,39.94,22795.3,2037,Thursday,21,25-34,M,sunny
905,2025-07-11 08:36:11,31.960733,35.899485,Hospital,Market,walk,4.46,405.1,311,Friday,8,45-54,M,sunny
906,2025-08-06 14:07:55,31.956393,35.967517,Cafe,Station,bus,22.26,31131.5,5080,Wednesday,14,25-34,M,sunny
907,2025-08-17 09:03:08,31.914204,35.932514,Cafe,Cafe,car,41.64,7176.0,641,Sunday,9,45-54,F,sunny
908,2025-08-22 16:12:36,31.977388,35.911098,Hospital,Mall,taxi,44.1,11442.6,976,Friday,16,35-44,M,sunny
909,2025-06-21 01:39:40,31.974365,35.9315,Market,Mall,walk,7.91,1370.5,600,Saturday,1,18-24,F,windy
910,2025-08-10 05:33:48,32.019898,35.982714,Market,Mall,car,34.72,17072.2,1780,Sunday,5,18-24,M,windy
911,2025-07-31 08:39:23,31.945767,35.92894,Park,University,bus,36.32,5092.9,510,Thursday,8,25-34,F,rain
912,2025-09-06 00:42:03,31.961575,35.955754,Work,Hospital,car,37.0,14521.4,1399,Saturday,0,18-24,M,sunny
913,2025-07-12 09:54:17,31.962482,35.923071,Park,Hospital,car,48.82,20164.1,1515,Saturday,9,25-34,M,cloudy
914,2025-08-27 13:15:48,32.002324,35.967738,Airport,University,taxi,45.66,1375.2,61,Wednesday,13,25-34,F,sunny
915,2025-08-10 06:59:09,31.952141,35.965565,Cafe,University,car,34.86,7777.0,748,Sunday,6,55+,F,sunny
916,2025-07-18 08:44:19,31.963371,36.000458,Hospital,Hospital,car,29.58,28916.9,3573,Friday,8,25-34,M,sunny
917,2025-08-12 22:49:12,31.973237,35.939733,Home,Hospital,walk,3.41,1866.4,1931,Tuesday,22,35-44,M,sunny
918,2025-08-11 12:51:01,31.960598,35.96506,Home,Work,bus,37.89,30142.6,2866,Monday,12,45-54,F,sunny
919,2025-08-16 15:41:48,31.941607,35.947942,University,Home,car,31.77,6783.4,725,Saturday,15,45-54,F,sunny
920,2025-08-20 12:55:51,31.960823,35.983876,Park,Airport,car,25.36,29161.1,4184,Wednesday,12,18-24,M,windy
921,2025-08-14 23:33:27,31.987209,35.923435,Hospital,Hospital,walk,6.16,758.3,474,Thursday,23,25-34,M,sunny
922,2025-08-31 02:32:01,31.924205,35.96735,Market,University,car,40.42,25964.4,2347,Sunday,2,25-34,F,windy
923,2025-08-12 04:44:29,31.958989,35.939159,Airport,Home,walk,4.72,1572.0,1230,Tuesday,4,25-34,M,sunny
924,2025-09-05 23:04:39,31.933996,35.943074,Station,University,walk,5.86,1529.3,931,Friday,23,25-34,F,sunny
925,2025-08-13 19:49:16,31.990851,35.947753,University,Home,car,37.05,14500.1,1361,Wednesday,19,35-44,M,sunny
926,2025-07-14 11:01:14,31.909304,35.952567,Station,Mall,walk,5.74,1743.5,1065,Monday,11,25-34,F,cloudy
927,2025-07-26 07:54:13,31.938232,35.941513,Cafe,Park,walk,4.38,1706.9,1420,Saturday,7,25-34,F,sunny
928,2025-08-07 19:36:17,31.966316,35.951441,Airport,Home,car,53.43,2361.7,124,Thursday,19,55+,F,sunny
929,2025-08-21 13:37:21,32.001966,35.992344,Work,Station,walk,4.21,643.6,514,Thursday,13,18-24,M,sunny
930,2025-06-24 18:24:49,31.953027,35.974563,Station,Market,car,46.29,15303.2,1145,Tuesday,18,25-34,M,sunny
931,2025-07-13 05:09:50,31.938344,35.971075,Airport,Station,walk,6.35,1135.1,702,Sunday,5,35-44,M,cloudy
932,2025-08-22 22:17:03,32.011435,35.931334,University,Mall,car,12.42,10614.3,3125,Friday,22,18-24,F,sunny
933,2025-07-02 11:06:29,31.91156,35.918323,Cafe,Cafe,car,45.27,12599.3,991,Wednesday,11,25-34,F,sunny
934,2025-06-28 13:11:26,31.889036,35.973659,Airport,Cafe,car,33.62,15669.4,1644,Saturday,13,18-24,M,rain
935,2025-08-04 04:50:46,31.9682,35.971281,Work,Station,bike,17.12,5806.6,1219,Monday,4,45-54,F,sunny
936,2025-09-12 02:08:34,31.939938,35.98918,Market,Cafe,walk,5.3,186.4,171,Friday,2,25-34,F,cloudy
937,2025-08-03 10:22:00,31.924363,35.926881,Home,Home,walk,5.59,1139.9,774,Sunday,10,25-34,M,cloudy
938,2025-09-06 20:51:26,31.976251,35.938114,Mall,Station,car,39.71,14328.9,1263,Saturday,20,25-34,M,windy
939,2025-08-30 09:32:47,31.962314,35.895815,Market,University,taxi,52.01,7664.8,561,Saturday,9,18-24,F,sunny
940,2025-07-09 18:46:51,31.938078,35.933226,Market,Mall,walk,3.46,299.4,294,Wednesday,18,18-24,M,cloudy
941,2025-08-29 21:03:19,31.916591,35.974897,Home,Cafe,bike,18.24,2695.6,485,Friday,21,25-34,F,sunny
942,2025-07-30 00:31:00,31.981174,35.931005,Market,University,walk,2.41,1969.7,2978,Wednesday,0,25-34,M,cloudy
943,2025-08-28 05:44:26,31.974506,35.964214,Hospital,Airport,car,35.01,3995.0,403,Thursday,5,25-34,F,sunny
944,2025-08-22 20:17:37,31.952025,35.939285,Cafe,Mall,car,22.39,8558.2,1321,Friday,20,25-34,M,sunny
945,2025-07-17 03:21:01,32.010399,35.954722,Airport,Mall,car,40.8,22780.9,2068,Thursday,3,25-34,M,rain
946,2025-06-27 00:29:31,31.922897,35.910569,Cafe,Hospital,bus,25.16,9437.0,1371,Friday,0,35-44,M,sunny
947,2025-09-11 07:34:30,31.909234,35.947556,Hospital,Station,car,44.55,2834.4,276,Thursday,7,25-34,M,rain
948,2025-06-29 07:45:38,31.934243,35.855266,Market,Mall,walk,5.66,793.2,530,Sunday,7,18-24,M,rain
949,2025-09-11 15:21:57,31.953632,35.939393,Mall,Work,bike,14.64,4446.6,1108,Thursday,15,35-44,M,sunny
950,2025-09-02 01:37:45,31.9623,35.896086,University,Home,car,45.01,11302.0,858,Tuesday,1,45-54,F,sunny
951,2025-08-20 20:02:01,31.947763,35.98118,Cafe,Park,car,43.09,29927.6,2538,Wednesday,20,18-24,F,sunny
952,2025-09-12 20:24:02,31.965562,35.968322,Cafe,Airport,car,40.62,23466.7,2133,Friday,20,25-34,M,hot
953,2025-09-11 17:01:41,31.917454,35.959,Mall,Mall,car,38.51,11345.2,1057,Thursday,17,25-34,F,sunny
954,2025-08-28 01:38:05,31.998313,35.99063,Work,Park,car,14.34,29581.7,7424,Thursday,1,25-34,M,sunny
955,2025-07-19 13:47:58,31.952535,35.916533,Cafe,Market,bus,26.48,2460.4,358,Saturday,13,35-44,F,cloudy
956,2025-08-26 19:35:54,31.988519,35.997421,Airport,Hospital,car,57.89,16094.0,1015,Tuesday,19,<18,F,windy
957,2025-06-17 21:47:23,31.965282,35.972966,Station,Work,bus,30.14,8932.2,1070,Tuesday,21,35-44,M,cloudy
958,2025-08-03 22:43:18,31.968703,35.937903,Airport,Cafe,walk,5.43,142.0,51,Sunday,22,18-24,F,cloudy
959,2025-07-27 14:03:48,31.972093,35.979069,Airport,Market,car,46.59,29900.1,2313,Sunday,14,25-34,F,sunny
960,2025-08-16 05:02:05,31.968431,35.911811,Airport,Home,scooter,18.86,9481.0,1749,Saturday,5,35-44,M,sunny
961,2025-08-16 03:58:53,31.974282,35.920265,Market,Work,car,44.25,18129.9,1481,Saturday,3,25-34,F,sunny
962,2025-08-08 06:22:31,31.994875,35.926742,Hospital,Airport,bus,43.41,22481.7,1898,Friday,6,18-24,F,rain
963,2025-08-29 16:08:48,31.960896,35.929131,Cafe,Park,car,33.43,20406.9,2143,Friday,16,55+,M,cloudy
964,2025-09-09 06:45:21,31.97627,35.913303,Station,Hospital,walk,7.01,331.1,180,Tuesday,6,45-54,F,cloudy
965,2025-06-26 09:45:11,31.952308,35.981692,Mall,Mall,car,47.32,27208.7,2128,Thursday,9,35-44,F,cloudy
966,2025-07-07 16:46:51,31.998204,35.937234,University,Airport,walk,4.39,1124.1,916,Monday,16,25-34,M,sunny
967,2025-06-18 21:46:43,31.934708,35.955575,Park,Market,taxi,32.9,18353.0,2055,Wednesday,21,18-24,M,sunny
968,2025-09-04 05:40:22,32.009028,35.927889,Market,Station,bus,43.36,18331.4,1535,Thursday,5,45-54,M,sunny
969,2025-08-06 04:21:55,31.953795,35.890382,Home,Airport,walk,6.2,406.1,236,Wednesday,4,25-34,F,sunny
970,2025-09-07 00:40:41,31.912077,35.953102,Station,Park,walk,4.89,297.0,276,Sunday,0,45-54,F,cloudy
971,2025-07-06 13:52:43,31.958843,35.887632,Park,Park,car,35.97,1325.9,137,Sunday,13,25-34,M,sunny
972,2025-06-22 08:16:27,31.934568,35.942941,Cafe,Airport,car,34.93,7588.7,821,Sunday,8,25-34,F,cloudy
973,2025-08-29 19:15:11,31.980219,35.903951,Market,Park,walk,4.84,1255.0,990,Friday,19,55+,F,cloudy
974,2025-09-06 12:00:10,31.935421,36.004618,Hospital,Airport,car,39.52,17495.2,1649,Saturday,12,25-34,F,sunny
975,2025-07-13 20:27:22,31.941614,35.972341,Hospital,University,car,41.99,29961.0,2530,Sunday,20,18-24,M,sunny
976,2025-07-23 09:38:40,31.898314,35.948173,Station,Cafe,walk,3.99,1894.5,1737,Wednesday,9,18-24,M,sunny
977,2025-06-29 05:38:38,31.941431,35.982911,Station,Cafe,bus,25.63,13247.4,1874,Sunday,5,25-34,F,sunny
978,2025-09-09 19:39:01,31.882284,35.919611,Work,Market,scooter,19.08,3556.5,633,Tuesday,19,<18,M,cloudy
979,2025-07-14 01:09:10,31.907483,35.961304,Cafe,Home,bus,46.78,30464.1,2377,Monday,1,25-34,F,sunny
980,2025-07-30 23:47:40,31.977812,35.950994,Cafe,Market,bus,32.42,11344.3,1303,Wednesday,23,25-34,F,rain
981,2025-06-25 09:39:36,31.978574,35.952921,Cafe,Park,walk,3.59,789.2,747,Wednesday,9,35-44,M,cloudy
982,2025-09-04 12:12:20,31.967764,35.983171,Market,Mall,bike,11.71,7997.4,2411,Thursday,12,25-34,F,sunny
983,2025-06-28 20:45:35,31.925991,35.966975,Hospital,Airport,walk,4.04,840.5,737,Saturday,20,55+,M,cloudy
984,2025-07-27 11:35:45,31.953569,35.953662,Market,Work,bus,43.24,20566.1,1736,Sunday,11,18-24,M,cloudy
985,2025-08-15 23:58:32,31.954892,35.895353,Station,Station,taxi,52.1,14485.1,1016,Friday,23,25-34,M,cloudy
986,2025-08-22 12:54:29,31.920249,35.916199,University,Market,car,36.94,9572.8,949,Friday,12,18-24,M,sunny
987,2025-09-09 19:01:46,32.000102,35.941319,Work,Station,bus,34.17,17976.3,1945,Tuesday,19,35-44,M,sunny
988,2025-07-24 09:02:21,31.981321,35.947801,Station,Hospital,car,44.04,20366.4,1645,Thursday,9,55+,F,sunny
989,2025-08-22 11:01:35,31.948371,35.911094,Airport,Station,car,40.47,2304.5,208,Friday,11,35-44,F,sunny
990,2025-06-30 13:29:42,31.955807,36.01735,Mall,Work,car,33.0,1846.5,253,Monday,13,25-34,M,cloudy
991,2025-07-23 23:52:34,31.961251,35.990492,Park,Cafe,walk,3.15,1510.8,1715,Wednesday,23,25-34,F,cloudy
992,2025-06-25 13:36:44,31.893748,35.963064,Airport,University,walk,6.06,1802.6,1063,Wednesday,13,35-44,M,windy
993,2025-07-30 16:42:54,31.947585,35.947161,Airport,Park,car,44.27,15921.1,1311,Wednesday,16,45-54,M,sunny
994,2025-07-23 09:15:21,31.93454,35.938634,Hospital,Market,car,33.15,4251.5,518,Wednesday,9,55+,F,sunny
995,2025-09-10 07:00:43,31.924951,35.916442,Station,Cafe,car,51.61,15953.6,1140,Wednesday,7,25-34,F,cloudy
996,2025-06-19 14:23:33,31.946567,35.947324,Airport,Hospital,car,56.08,27867.7,1825,Thursday,14,55+,F,sunny
997,2025-07-20 00:04:12,32.008931,35.952733,Cafe,Park,bike,15.81,4319.2,954,Sunday,0,18-24,M,sunny
998,2025-07-26 13:25:58,31.974225,35.907747,Market,Mall,car,40.12,4359.7,366,Saturday,13,18-24,F,sunny
999,2025-09-10 04:55:28,31.937865,35.955025,Cafe,Cafe,car,26.65,18316.9,2464,Wednesday,4,18-24,F,sunny
1000,2025-09-01 15:29:52,31.972177,35.940342,Hospital,Park,car,38.76,21100.8,1942,Monday,15,18-24,F,cloudy
1001,2025-06-25 14:19:53,31.996981,35.887766,Hospital,Cafe,bus,22.62,19808.4,3129,Wednesday,14,35-44,M,sunny
1002,2025-08-17 08:47:41,31.982739,35.919188,Station,Home,car,39.28,3362.2,305,Sunday,8,45-54,M,cloudy
1003,2025-08-04 15:46:18,31.956789,35.932592,Station,Mall,car,50.41,28909.0,2107,Monday,15,35-44,F,rain
1004,2025-09-12 15:51:55,31.935592,36.001631,Mall,Home,bus,35.22,7654.5,739,Friday,15,25-34,F,sunny
1005,2025-07-18 22:27:39,31.975947,35.961697,Airport,Work,bus,49.87,37054.1,2631,Friday,22,25-34,M,windy
1006,2025-07-22 11:42:25,31.966805,35.904936,Work,Mall,bus,39.54,25836.5,2344,Tuesday,11,35-44,M,sunny
1007,2025-07-03 17:42:43,31.981856,35.959581,Cafe,Work,bike,14.39,5410.7,1370,Thursday,17,25-34,M,windy
1008,2025-06-27 15:35:25,31.974055,35.898581,Airport,Work,walk,3.65,1430.5,1439,Friday,15,35-44,M,sunny
1009,2025-08-31 23:28:38,31.986487,35.977481,Cafe,Hospital,bike,14.28,7636.6,1978,Sunday,23,35-44,M,cloudy
1010,2025-07-27 13:54:54,31.938943,35.930866,Home,Park,bike,15.82,943.5,249,Sunday,13,35-44,M,sunny
1011,2025-08-15 07:18:21,31.994522,35.942191,Park,Station,scooter,26.2,1190.6,168,Friday,7,25-34,M,cloudy
1012,2025-08-13 09:48:25,31.960928,35.984774,Park,Station,car,48.46,2202.9,141,Wednesday,9,45-54,M,cloudy
1013,2025-08-09 09:33:38,32.017258,35.906385,Station,Home,walk,3.24,1734.4,1974,Saturday,9,18-24,M,sunny
1014,2025-06-18 13:51:27,31.934324,35.903086,Work,Airport,walk,5.29,946.9,673,Wednesday,13,25-34,M,windy
1015,2025-08-26 11:12:06,32.007079,35.927492,Work,Station,walk,6.24,707.7,418,Tuesday,11,35-44,M,sunny
1016,2025-07-08 13:50:03,31.960937,35.976151,University,Station,car,53.19,8051.9,594,Tuesday,13,25-34,F,sunny
1017,2025-06-27 23:43:16,31.935457,35.89942,Hospital,Mall,car,51.14,18002.0,1247,Friday,23,45-54,M,cloudy
1018,2025-08-06 11:12:50,31.940483,35.860035,Work,Cafe,bus,25.27,11634.5,1688,Wednesday,11,25-34,F,cloudy
1019,2025-06-22 19:55:24,31.94539,35.931465,Cafe,Home,taxi,34.53,22207.4,2349,Sunday,19,25-34,M,sunny
1020,2025-08-24 12:27:55,31.967725,35.961552,Cafe,Home,walk,7.15,1862.2,996,Sunday,12,45-54,F,sunny
1021,2025-07-05 07:11:07,31.970685,35.981008,Park,Hospital,car,36.31,5378.3,543,Saturday,7,25-34,M,windy
1022,2025-07-06 02:10:49,31.937789,35.931105,Airport,Work,walk,6.91,1632.1,870,Sunday,2,25-34,M,cloudy
1023,2025-09-02 22:16:03,31.954269,35.932657,Work,Work,car,32.06,21852.6,2420,Tuesday,22,25-34,M,sunny
1024,2025-07-16 05:24:51,32.019268,35.979617,University,University,scooter,19.63,3272.6,565,Wednesday,5,18-24,F,sunny
1025,2025-06-29 22:26:33,32.006826,35.888908,Airport,Hospital,car,21.92,21775.2,3542,Sunday,22,35-44,M,hot
1026,2025-09-05 16:52:21,31.96809,35.933344,Park,Market,car,38.6,26691.2,2508,Friday,16,18-24,M,cloudy
1027,2025-06-16 21:51:01,31.95614,35.950713,Cafe,Market,car,32.83,15199.1,1697,Monday,21,45-54,M,windy
1028,2025-09-01 21:52:57,31.958601,35.958477,Station,Market,walk,5.79,269.6,144,Monday,21,35-44,F,sunny
1029,2025-06-29 16:15:05,31.973406,35.929706,Home,Park,walk,5.78,305.6,217,Sunday,16,18-24,M,cloudy
1030,2025-06-28 08:30:30,31.924316,35.946033,Work,Cafe,car,44.63,24677.3,1974,Saturday,8,35-44,M,cloudy
1031,2025-07-09 05:08:18,31.947279,35.87035,Cafe,Hospital,car,33.25,21018.4,2332,Wednesday,5,25-34,M,sunny
1032,2025-07-02 08:38:21,31.904942,35.925253,Airport,Park,walk,6.44,100.1,81,Wednesday,8,18-24,M,sunny
1033,2025-08-15 03:36:36,31.966977,35.958605,Cafe,Work,car,40.87,18989.8,1628,Friday,3,18-24,F,cloudy
1034,2025-06-18 23:24:38,31.974416,35.915531,University,Work,bus,35.94,27257.1,2760,Wednesday,23,25-34,M,sunny
1035,2025-06-17 23:49:25,31.940504,35.94677,Park,Work,car,51.2,18681.4,1336,Tuesday,23,35-44,M,rain
1036,2025-08-26 18:05:32,32.00222,35.958406,Market,Work,car,41.93,27325.0,2308,Tuesday,18,25-34,F,rain
1037,2025-07-08 01:39:28,31.918227,35.934724,Cafe,Hospital,car,27.91,27493.3,3550,Tuesday,1,25-34,F,rain
1038,2025-07-15 19:04:18,31.911069,35.950114,Station,Hospital,car,43.03,20767.2,1746,Tuesday,19,35-44,M,rain
1039,2025-07-02 08:05:50,31.961734,35.916118,Work,Park,bus,28.98,11085.6,1405,Wednesday,8,35-44,F,sunny
1040,2025-06-21 08:54:26,31.986413,35.938802,Station,Airport,taxi,32.39,19282.4,2164,Saturday,8,25-34,M,sunny
1041,2025-08-22 09:50:11,32.005518,35.963306,University,Market,car,54.59,27594.5,1800,Friday,9,35-44,M,rain
1042,2025-08-03 00:04:13,31.941233,35.949709,Hospital,Cafe,car,37.69,20816.4,2018,Sunday,0,25-34,F,sunny
1043,2025-08-22 18:21:45,31.98736,35.927404,Airport,Hospital,walk,5.71,1942.9,1178,Friday,18,45-54,F,sunny
1044,2025-07-29 12:25:00,31.953845,35.951726,Home,Airport,walk,3.31,1976.4,2186,Tuesday,12,25-34,M,sunny
1045,2025-08-25 16:14:32,31.949821,35.966438,Work,Park,car,48.24,6810.1,493,Monday,16,35-44,M,sunny
1046,2025-08-01 20:19:10,31.98151,35.883502,Market,Cafe,scooter,21.52,2837.7,485,Friday,20,25-34,M,cloudy
1047,2025-06-26 11:16:55,31.97457,35.979772,Park,Work,car,36.66,18097.9,1778,Thursday,11,18-24,M,sunny
1048,2025-08-01 00:01:01,31.907708,35.934912,Park,Hospital,walk,3.44,1247.3,1319,Friday,0,25-34,M,sunny
1049,2025-09-09 17:49:23,31.999296,35.957765,University,Work,bike,16.36,7363.2,1633,Tuesday,17,25-34,M,windy
1050,2025-06-20 13:23:38,31.996403,35.980917,Hospital,Market,car,37.77,12370.0,1239,Friday,13,35-44,F,cloudy
1051,2025-08-26 03:29:45,31.936233,35.90385,Mall,Station,bike,20.27,5472.5,996,Tuesday,3,25-34,F,cloudy
1052,2025-09-02 16:24:15,31.966874,35.923717,University,Park,walk,4.32,826.4,718,Tuesday,16,35-44,M,cloudy
1053,2025-08-02 14:03:36,31.969821,35.936344,Hospital,Cafe,car,22.13,7826.2,1266,Saturday,14,35-44,M,rain
1054,2025-07-27 21:05:50,31.96282,35.921487,Park,Hospital,walk,3.79,970.5,947,Sunday,21,35-44,M,cloudy
1055,2025-09-11 10:01:19,31.938491,35.997048,Park,Station,car,51.12,23587.3,1696,Thursday,10,18-24,M,sunny
1056,2025-06-22 03:06:30,31.934851,35.919297,Airport,Mall,bus,36.86,16239.8,1640,Sunday,3,55+,M,windy
1057,2025-07-29 18:19:35,31.954233,35.928334,Cafe,Airport,bike,19.35,5225.3,1019,Tuesday,18,35-44,F,sunny
1058,2025-07-22 19:13:07,31.990182,35.951132,Cafe,Station,car,38.87,14747.8,1373,Tuesday,19,35-44,M,windy
1059,2025-08-17 09:41:46,31.971308,35.908936,Home,Market,car,47.21,17425.1,1304,Sunday,9,25-34,F,sunny
1060,2025-07-30 18:42:22,31.943882,35.93313,University,Park,car,42.56,24193.8,2098,Wednesday,18,25-34,F,sunny
1061,2025-09-06 12:40:45,31.978151,35.954524,Market,Home,car,34.94,11859.9,1269,Saturday,12,18-24,M,sunny
1062,2025-06-23 06:27:55,31.869544,35.935014,Park,Mall,car,40.8,17397.8,1529,Monday,6,25-34,M,sunny
1063,2025-06-23 22:13:58,31.989463,35.942198,Park,Mall,bus,27.7,38482.2,5044,Monday,22,18-24,F,cloudy
1064,2025-08-10 09:38:52,31.902809,35.92912,Market,Home,bus,41.06,12328.2,1021,Sunday,9,25-34,F,hot
1065,2025-06-22 13:35:57,31.944127,35.899566,Market,University,car,34.88,15093.7,1563,Sunday,13,25-34,F,hot
1066,2025-07-11 09:45:36,31.92141,35.954648,Mall,University,walk,6.86,1624.8,805,Friday,9,25-34,M,windy
1067,2025-08-12 15:10:16,31.91616,35.997648,Home,Station,walk,4.32,1088.5,850,Tuesday,15,25-34,M,sunny
1068,2025-08-05 00:10:31,31.989825,35.945552,Cafe,Cafe,walk,4.66,1104.7,841,Tuesday,0,45-54,M,hot
1069,2025-07-15 22:07:33,31.940969,35.951758,Cafe,Market,car,41.25,20757.1,1769,Tuesday,22,18-24,F,sunny
1070,2025-09-14 04:07:17,31.965395,35.965782,University,Hospital,walk,4.27,1973.0,1609,Sunday,4,35-44,F,rain
1071,2025-08-03 09:43:41,31.953592,35.90692,Home,Station,car,41.17,16131.9,1435,Sunday,9,18-24,F,sunny
1072,2025-07-27 11:45:03,31.969311,35.996075,Work,University,bus,31.95,8137.9,863,Sunday,11,<18,M,sunny
1073,2025-08-10 03:26:50,31.957305,35.95107,Station,University,bike,18.97,5939.0,1092,Sunday,3,18-24,F,windy
1074,2025-06-25 13:57:03,31.91651,35.993956,Airport,Airport,bus,15.61,26145.2,6003,Wednesday,13,35-44,M,windy
1075,2025-08-18 19:34:08,31.984888,35.923009,Park,Park,car,34.39,22101.2,2349,Monday,19,25-34,M,cloudy
1076,2025-09-01 09:45:28,31.940187,35.999542,University,Station,walk,7.03,373.1,231,Monday,9,45-54,M,cloudy
1077,2025-08-14 05:42:19,31.908303,35.968255,Mall,Hospital,car,36.93,26835.1,2575,Thursday,5,25-34,F,sunny
1078,2025-08-24 20:41:06,31.942157,35.961591,Cafe,Work,car,36.93,3205.0,288,Sunday,20,<18,F,cloudy
1079,2025-08-20 12:44:23,32.000023,35.952021,Mall,University,car,33.83,14584.5,1579,Wednesday,12,35-44,M,cloudy
1080,2025-07-06 00:10:31,31.980507,35.937544,Airport,Work,walk,5.84,1840.3,1106,Sunday,0,18-24,F,sunny
1081,2025-07-27 07:05:02,31.94454,35.981016,Cafe,Cafe,car,26.4,9238.6,1217,Sunday,7,35-44,M,sunny
1082,2025-07-07 05:16:17,31.944522,35.949211,Station,Cafe,scooter,22.02,9244.2,1558,Monday,5,18-24,M,sunny
1083,2025-07-17 03:49:04,31.945351,35.885988,Mall,Market,car,58.67,14338.0,826,Thursday,3,25-34,M,cloudy
1084,2025-07-27 11:16:59,32.017302,35.911484,University,University,walk,3.12,819.0,972,Sunday,11,35-44,M,sunny
1085,2025-07-24 02:15:47,31.966458,35.939425,Park,Mall,car,47.1,21829.0,1708,Thursday,2,55+,M,sunny
1086,2025-06-25 05:06:39,31.967901,35.9543,University,Market,car,29.44,8971.7,1074,Wednesday,5,25-34,M,sunny
1087,2025-07-25 01:32:08,31.985909,35.943302,Airport,Mall,car,44.63,27699.6,2200,Friday,1,35-44,F,sunny
1088,2025-08-15 12:21:30,31.962164,35.981569,Home,Cafe,car,43.77,5675.2,502,Friday,12,18-24,M,cloudy
1089,2025-07-20 08:12:56,31.947229,35.886467,Mall,Airport,car,47.81,6757.7,517,Sunday,8,35-44,F,cloudy
1090,2025-06-30 09:25:32,31.94911,35.949308,Hospital,Home,bus,26.6,2131.8,232,Monday,9,35-44,M,sunny
1091,2025-09-07 17:22:23,31.952852,35.890461,Home,Home,car,36.21,13020.4,1279,Sunday,17,18-24,F,sunny
1092,2025-06-22 16:44:00,31.953883,35.967791,Park,Hospital,car,48.1,13943.7,1087,Sunday,16,25-34,F,sunny
1093,2025-08-30 12:21:10,31.976829,35.942166,Cafe,Home,walk,4.48,1795.3,1439,Saturday,12,18-24,F,rain
1094,2025-06-25 01:06:09,31.956558,35.957588,Market,Airport,bus,37.45,25443.7,2398,Wednesday,1,25-34,M,sunny
1095,2025-06-25 08:18:16,31.976979,35.919084,Cafe,Market,taxi,19.84,8067.6,1481,Wednesday,8,18-24,F,sunny
1096,2025-08-22 03:31:29,31.952579,35.983384,Mall,Work,walk,5.38,1285.7,911,Friday,3,25-34,M,cloudy
1097,2025-08-28 17:08:49,31.957359,35.976252,Park,Hospital,car,48.62,15257.5,1155,Thursday,17,55+,F,sunny
1098,2025-08-05 17:29:10,31.895054,35.962506,Market,Market,bike,14.67,4338.5,1098,Tuesday,17,<18,M,rain
1099,2025-08-08 10:29:24,31.98249,35.941114,University,Work,bus,40.95,18143.9,1606,Friday,10,25-34,M,sunny
1100,2025-08-06 04:45:07,31.965395,35.962396,Cafe,Park,car,36.06,8810.9,929,Wednesday,4,25-34,M,cloudy
1101,2025-07-16 07:45:39,31.98494,35.923793,Cafe,Station,walk,5.33,1223.9,794,Wednesday,7,45-54,F,sunny
1102,2025-06-27 15:44:42,31.868112,35.970667,Work,Market,bus,38.3,25211.2,2404,Friday,15,25-34,M,sunny
1103,2025-07-18 11:29:50,32.017651,35.994484,Park,Station,walk,3.84,164.3,176,Friday,11,25-34,F,sunny
1104,2025-08-15 12:51:39,31.950812,35.977118,Cafe,Market,bus,39.04,32802.5,3035,Friday,12,25-34,F,rain
1105,2025-08-23 04:20:22,31.988245,35.923112,Home,Work,car,43.91,3387.1,266,Saturday,4,18-24,F,windy
1106,2025-09-02 18:48:16,31.923803,35.955843,Mall,University,car,33.45,11883.9,1248,Tuesday,18,18-24,M,sunny
1107,2025-08-20 13:12:59,31.973383,35.906206,Home,Hospital,walk,5.04,1341.0,962,Wednesday,13,25-34,F,rain
1108,2025-09-11 19:27:59,31.923398,35.962172,Park,Park,walk,4.12,425.7,411,Thursday,19,18-24,M,cloudy
1109,2025-08-09 16:36:40,31.936287,35.958518,Station,Work,car,46.29,13829.3,1116,Saturday,16,25-34,M,windy
1110,2025-07-18 07:16:52,32.012421,35.888906,Mall,Mall,car,38.12,24273.8,2334,Friday,7,25-34,F,rain
1111,2025-08-07 16:01:46,31.94928,35.910146,Station,University,walk,4.64,1928.9,1525,Thursday,16,25-34,F,sunny
1112,2025-07-05 19:14:28,31.961523,35.936506,Hospital,Airport,walk,5.79,1643.6,997,Saturday,19,18-24,F,cloudy
1113,2025-08-14 18:16:33,31.981102,35.935974,Station,Mall,walk,4.84,541.9,431,Thursday,18,45-54,M,sunny
1114,2025-07-06 20:05:40,31.96987,35.908716,Station,Airport,car,40.85,28905.6,2572,Sunday,20,45-54,M,sunny
1115,2025-06-26 09:28:38,31.959513,35.956669,Airport,Hospital,car,14.8,25358.3,6114,Thursday,9,18-24,M,sunny
1116,2025-08-31 17:43:55,31.965949,35.952544,Station,Hospital,walk,5.02,265.9,248,Sunday,17,25-34,M,windy
1117,2025-07-19 17:39:26,32.027102,35.939172,Hospital,Mall,car,21.73,11145.7,1834,Saturday,17,25-34,M,windy
1118,2025-08-24 06:57:13,31.953271,35.922326,Cafe,Hospital,walk,3.53,684.6,687,Sunday,6,18-24,M,cloudy
1119,2025-08-07 07:46:53,31.961033,35.976461,Market,Home,scooter,17.26,6583.9,1366,Thursday,7,25-34,F,hot
1120,2025-08-28 07:19:25,31.98652,35.994662,Station,Station,scooter,17.57,9234.3,1932,Thursday,7,18-24,F,rain
1121,2025-08-31 17:15:38,31.988166,35.930493,Hospital,Cafe,car,20.99,5615.6,990,Sunday,17,45-54,F,sunny
1122,2025-09-12 08:44:46,31.990611,35.926635,Work,Work,scooter,20.42,8386.4,1458,Friday,8,45-54,F,sunny
1123,2025-08-29 07:31:39,31.974162,35.959736,Station,Airport,bus,29.51,13056.1,1602,Friday,7,25-34,M,sunny
1124,2025-08-10 21:02:37,31.92071,35.934259,Market,Park,bus,31.52,24856.7,2784,Sunday,21,25-34,M,sunny
1125,2025-08-13 11:57:20,32.004003,35.940818,Market,Cafe,car,37.56,19272.1,1788,Wednesday,11,45-54,F,sunny
1126,2025-06-19 00:26:01,31.92061,35.96719,Work,Home,car,55.08,21779.9,1458,Thursday,0,45-54,M,sunny
1127,2025-09-08 06:32:51,31.964079,35.887719,Cafe,University,walk,5.64,1024.7,626,Monday,6,55+,M,rain
1128,2025-08-30 07:21:39,31.932372,35.984549,Airport,University,car,56.55,21244.2,1317,Saturday,7,18-24,M,rain
1129,2025-07-10 17:24:45,31.953076,35.94718,Home,Work,car,30.31,15177.9,1821,Thursday,17,18-24,M,cloudy
1130,2025-07-02 21:25:27,31.964863,35.932655,Airport,Cafe,walk,4.68,1091.6,890,Wednesday,21,35-44,F,windy
1131,2025-08-18 21:33:17,31.964641,35.942323,Home,Cafe,bike,13.59,1662.0,479,Monday,21,25-34,F,sunny
1132,2025-07-14 11:07:56,31.967658,35.943873,Station,Work,car,25.87,16538.1,2351,Monday,11,<18,F,rain
1133,2025-07-17 05:44:48,32.003411,35.893064,Work,Airport,walk,4.87,526.8,440,Thursday,5,18-24,M,sunny
1134,2025-06-17 04:54:50,31.968606,35.989848,Park,Market,car,20.5,2559.5,445,Tuesday,4,45-54,M,sunny
1135,2025-09-02 22:37:44,31.947675,35.94624,Home,Work,scooter,23.09,3737.0,628,Tuesday,22,45-54,F,windy
1136,2025-08-06 14:58:44,31.983923,35.95829,Mall,Hospital,car,52.22,2377.3,131,Wednesday,14,25-34,M,sunny
1137,2025-07-22 17:25:11,31.990684,35.973546,Market,Station,car,38.37,27991.5,2682,Tuesday,17,45-54,M,sunny
1138,2025-06-29 10:10:29,31.918172,35.914365,Station,Cafe,car,41.81,14879.3,1302,Sunday,10,25-34,F,sunny
1139,2025-08-12 15:22:37,31.972922,35.959204,Station,Market,car,52.33,26428.3,1848,Tuesday,15,35-44,F,cloudy
1140,2025-06-19 09:56:41,31.976035,35.936971,Market,Work,walk,4.02,804.4,750,Thursday,9,25-34,F,hot
1141,2025-08-22 19:19:37,31.946073,35.970403,University,University,bus,18.63,37048.3,7181,Friday,19,18-24,M,sunny
1142,2025-07-06 00:24:45,31.996271,35.881183,Market,Park,walk,2.64,1415.9,1917,Sunday,0,25-34,M,rain
1143,2025-07-24 10:33:49,31.950498,35.942027,Cafe,University,walk,4.13,537.7,504,Thursday,10,25-34,F,sunny
1144,2025-07-17 08:03:39,31.958767,35.926915,Park,Work,bus,25.37,12015.4,1719,Thursday,8,25-34,M,sunny
1145,2025-07-19 23:02:24,31.949808,35.957968,Market,Station,walk,5.83,320.3,206,Saturday,23,18-24,F,sunny
1146,2025-08-20 14:22:22,31.955467,35.959101,Airport,Station,car,28.2,12233.4,1595,Wednesday,14,55+,M,cloudy
1147,2025-08-25 13:41:25,31.922112,35.923771,Mall,University,walk,3.25,224.0,265,Monday,13,18-24,F,sunny
1148,2025-08-06 17:43:39,31.911798,35.923635,Home,Airport,walk,6.04,255.5,117,Wednesday,17,18-24,F,sunny
1149,2025-06-24 07:13:57,32.002835,35.94168,Hospital,Mall,walk,4.38,843.0,731,Tuesday,7,25-34,M,sunny
1150,2025-06-21 09:21:38,31.929591,35.918101,Airport,Park,walk,5.23,629.3,465,Saturday,9,25-34,M,sunny
1151,2025-06-30 19:43:51,31.925258,35.97026,Cafe,Hospital,car,47.56,14952.6,1095,Monday,19,25-34,F,cloudy
1152,2025-08-11 06:15:21,31.890398,35.933924,Cafe,University,bus,50.7,13951.5,967,Monday,6,35-44,F,sunny
1153,2025-08-16 07:29:52,31.935831,35.85779,Market,Mall,car,44.12,26515.8,2160,Saturday,7,25-34,M,sunny
1154,2025-07-11 03:28:03,31.915307,35.933755,Hospital,Station,bus,25.07,37877.7,5401,Friday,3,25-34,F,sunny
1155,2025-08-15 05:30:47,32.00426,35.913844,Park,Hospital,walk,6.02,203.8,148,Friday,5,35-44,M,sunny
1156,2025-07-30 08:45:17,31.985295,35.896062,Home,Hospital,car,31.33,19306.1,2167,Wednesday,8,<18,M,cloudy
1157,2025-07-26 10:32:27,31.934355,35.907877,Work,Hospital,walk,6.46,1740.3,932,Saturday,10,25-34,M,sunny
1158,2025-07-11 05:45:57,32.022573,35.948282,Station,Station,car,33.24,11579.8,1216,Friday,5,45-54,F,sunny
1159,2025-08-23 14:24:09,31.984453,35.984859,Station,Cafe,car,29.72,13090.3,1619,Saturday,14,<18,M,sunny
1160,2025-06-26 21:34:16,31.945255,35.954396,Home,Airport,car,40.69,11463.2,1019,Thursday,21,25-34,M,sunny
1161,2025-07-25 08:20:20,31.880018,35.926805,Work,Airport,bus,33.06,35825.4,3856,Friday,8,45-54,F,rain
1162,2025-07-12 03:32:16,32.023728,35.958677,Home,Mall,car,30.09,27447.1,3271,Saturday,3,25-34,M,cloudy
1163,2025-08-16 17:15:21,31.913313,35.931227,Mall,Mall,car,34.55,24705.5,2519,Saturday,17,25-34,M,cloudy
1164,2025-07-30 10:51:08,31.905638,35.924162,Hospital,Park,taxi,44.93,9020.4,716,Wednesday,10,55+,M,sunny
1165,2025-08-15 16:43:54,31.985677,35.910369,Station,Cafe,bike,15.65,6389.5,1444,Friday,16,18-24,F,cloudy
1166,2025-06-20 17:49:37,32.028193,35.892445,Work,Station,car,44.36,3465.9,292,Friday,17,18-24,M,rain
1167,2025-07-22 05:29:40,31.996528,35.933302,Park,Home,car,52.41,25986.1,1757,Tuesday,5,45-54,F,sunny
1168,2025-08-09 14:16:02,31.971917,35.949742,Market,Home,car,43.2,1830.3,108,Saturday,14,45-54,F,cloudy
1169,2025-06-17 08:19:46,31.972843,35.942101,Airport,Work,walk,6.85,304.0,119,Tuesday,8,25-34,F,cloudy
1170,2025-07-13 18:47:28,31.980602,35.932521,Station,Home,car,49.11,2392.3,189,Sunday,18,25-34,F,sunny
1171,2025-07-05 15:59:27,31.977768,35.916628,Cafe,Home,car,34.77,4106.3,473,Saturday,15,35-44,M,sunny
1172,2025-06-29 00:09:09,31.963436,35.963247,University,Market,car,52.93,23117.4,1544,Sunday,0,35-44,M,cloudy
1173,2025-07-09 15:38:51,31.958126,35.905486,Home,Station,walk,5.33,406.3,214,Wednesday,15,18-24,F,sunny
1174,2025-07-16 04:28:11,31.953122,35.968281,Park,Station,scooter,25.56,644.6,72,Wednesday,4,<18,F,cloudy
1175,2025-06-17 08:25:19,31.932381,35.914933,Home,Cafe,bus,33.64,26730.3,2859,Tuesday,8,25-34,M,rain
1176,2025-08-22 21:16:33,31.94658,35.922427,University,Mall,car,58.22,24582.4,1550,Friday,21,45-54,M,rain
1177,2025-07-02 11:13:34,31.904211,35.900996,Mall,Airport,car,29.74,28259.5,3479,Wednesday,11,45-54,M,sunny
1178,2025-07-20 20:58:25,31.95205,35.929958,Market,Hospital,bus,28.56,22720.0,2822,Sunday,20,55+,M,sunny
1179,2025-08-18 23:39:19,31.925342,35.974259,Station,Home,walk,5.76,1870.0,1113,Monday,23,45-54,M,sunny
1180,2025-07-31 16:17:31,31.921892,35.960469,Cafe,Airport,bike,15.51,4790.7,1070,Thursday,16,25-34,M,cloudy
1181,2025-08-30 15:46:14,31.960397,35.974353,Home,Airport,car,31.41,17235.3,2033,Saturday,15,25-34,M,rain
1182,2025-08-28 05:07:04,31.99676,35.960664,Work,Hospital,bus,43.56,17801.7,1452,Thursday,5,35-44,M,cloudy
1183,2025-06-23 03:24:31,31.982549,35.91189,Home,Cafe,walk,4.95,1664.7,1226,Monday,3,35-44,M,sunny
1184,2025-09-02 05:08:11,31.907885,35.935076,Work,Hospital,taxi,50.03,25365.1,1771,Tuesday,5,25-34,F,windy
1185,2025-06-20 11:05:54,31.925311,35.921594,Market,Market,car,45.54,25791.5,2077,Friday,11,18-24,F,hot
1186,2025-06-18 08:12:26,31.983223,35.984917,Airport,Market,car,48.09,12229.7,974,Wednesday,8,45-54,F,sunny
1187,2025-09-07 13:26:11,31.925525,35.909096,Station,Hospital,bike,11.75,1364.8,438,Sunday,13,25-34,M,sunny
1188,2025-09-02 05:52:59,31.948261,35.971811,Airport,Station,walk,4.99,402.6,308,Tuesday,5,25-34,M,cloudy
1189,2025-08-07 11:21:55,31.971502,35.971789,Airport,Work,bus,36.69,9745.1,1003,Thursday,11,25-34,F,cloudy
1190,2025-08-07 06:16:07,31.92595,35.999889,Station,University,taxi,49.95,25560.8,1866,Thursday,6,35-44,F,windy
1191,2025-08-19 12:14:35,31.958161,35.932709,Station,Work,car,48.97,15175.4,1093,Tuesday,12,18-24,M,sunny
1192,2025-07-24 05:56:40,31.914979,35.96637,Market,Market,taxi,33.31,22214.9,2402,Thursday,5,35-44,M,sunny
1193,2025-06-27 00:30:00,31.936959,36.01345,Cafe,Market,bus,17.68,33971.7,6958,Friday,0,18-24,M,cloudy
1194,2025-06-18 12:46:32,31.964593,35.926471,Home,Mall,car,28.05,2023.8,272,Wednesday,12,18-24,M,rain
1195,2025-07-15 21:13:29,31.90721,35.898949,Market,Station,car,40.44,13542.0,1215,Tuesday,21,25-34,M,rain
1196,2025-08-27 18:34:53,31.968214,35.8886,University,University,car,41.4,19213.6,1655,Wednesday,18,35-44,F,hot
1197,2025-08-11 06:52:34,31.954411,35.966381,Hospital,Mall,car,40.39,29567.8,2584,Monday,6,55+,M,sunny
1198,2025-08-30 12:54:05,31.971575,35.888505,Mall,Market,walk,3.73,547.0,567,Saturday,12,35-44,F,rain
1199,2025-09-07 10:25:41,31.961717,35.93383,Station,Cafe,car,35.07,19921.3,2074,Sunday,10,45-54,F,sunny
1200,2025-06-24 14:05:09,31.995924,35.958119,Home,Work,walk,7.02,489.3,230,Tuesday,14,18-24,F,sunny
1201,2025-08-31 15:48:42,31.958757,35.950555,Cafe,Home,bus,33.14,9420.9,1030,Sunday,15,18-24,F,sunny
1202,2025-07-08 13:17:20,31.942118,35.957763,Park,Mall,bus,29.81,26184.9,3130,Tuesday,13,25-34,F,rain
1203,2025-08-08 15:41:15,31.958669,35.951669,Cafe,Hospital,walk,6.99,1268.7,616,Friday,15,18-24,M,hot
1204,2025-08-02 19:29:04,31.971299,35.983366,Mall,Work,car,59.25,15564.9,951,Saturday,19,35-44,F,sunny
1205,2025-07-22 06:34:53,31.956466,35.916431,University,Home,car,36.01,12984.9,1246,Tuesday,6,35-44,F,sunny
1206,2025-07-14 13:55:06,31.956218,35.92469,Park,Home,car,44.0,23345.9,1950,Monday,13,55+,M,rain
1207,2025-07-17 05:04:27,31.93394,35.92182,Airport,Cafe,bike,10.86,3949.3,1313,Thursday,5,18-24,F,cloudy
1208,2025-07-16 15:09:13,31.935113,35.969906,Airport,Home,car,23.88,20029.1,2979,Wednesday,15,25-34,F,windy
1209,2025-07-01 18:53:31,31.912922,35.972012,Station,Market,bike,14.44,2615.0,644,Tuesday,18,25-34,F,sunny
1210,2025-08-01 14:22:09,32.007487,35.958537,Airport,Airport,walk,3.66,1552.6,1536,Friday,14,18-24,M,sunny
1211,2025-06-26 22:01:23,31.917684,35.980505,Work,Airport,walk,4.41,932.5,769,Thursday,22,25-34,M,sunny
1212,2025-08-01 13:13:19,31.934213,35.909659,Home,Park,walk,5.36,349.7,225,Friday,13,25-34,M,sunny
1213,2025-09-06 04:31:07,31.933448,35.995017,Work,University,bus,41.22,36983.4,3180,Saturday,4,25-34,M,sunny
1214,2025-07-18 02:22:34,31.981848,35.990697,Station,Cafe,taxi,44.28,22910.9,1846,Friday,2,25-34,M,sunny
1215,2025-08-21 02:51:51,31.946152,35.967069,Market,Park,car,36.11,18556.6,1818,Thursday,2,<18,M,sunny
1216,2025-08-29 08:39:16,31.992432,35.998454,Mall,University,car,59.96,3730.8,276,Friday,8,25-34,F,sunny
1217,2025-08-29 00:12:19,31.934795,35.895301,Park,Airport,walk,5.14,176.3,90,Friday,0,25-34,M,windy
1218,2025-07-07 22:03:58,31.96337,35.929267,Park,Cafe,car,50.09,27677.2,2013,Monday,22,<18,M,sunny
1219,2025-06-29 20:02:42,31.92994,35.922941,Airport,Market,walk,6.32,1728.1,966,Sunday,20,25-34,M,sunny
1220,2025-07-04 09:49:57,32.019354,35.966644,Home,Station,car,39.68,24656.8,2219,Friday,9,18-24,M,rain
1221,2025-08-09 20:54:26,31.919372,35.913496,Hospital,Mall,taxi,17.28,6079.1,1252,Saturday,20,25-34,M,cloudy
1222,2025-08-24 01:47:26,31.964295,35.967725,Cafe,Mall,walk,3.09,1940.0,2237,Sunday,1,18-24,M,cloudy
1223,2025-08-14 15:37:30,31.974013,35.986116,Park,Work,bus,25.16,27107.7,3845,Thursday,15,25-34,M,cloudy
1224,2025-07-02 14:21:40,31.967414,35.965856,Mall,Airport,walk,4.33,561.4,502,Wednesday,14,35-44,M,rain
1225,2025-08-25 05:04:38,31.949441,35.953513,Mall,Airport,car,40.02,15153.8,1382,Monday,5,25-34,M,rain
1226,2025-07-31 03:01:05,31.951105,35.915364,Work,Market,walk,4.74,410.4,318,Thursday,3,35-44,M,cloudy
1227,2025-08-23 13:19:42,31.956314,35.919594,Work,Park,car,13.73,26819.6,7032,Saturday,13,25-34,M,rain
1228,2025-08-24 01:03:36,31.95059,35.982489,Station,Station,walk,4.8,117.6,99,Sunday,1,25-34,M,sunny
1229,2025-07-27 01:21:39,31.983916,35.96838,University,Airport,car,40.63,5403.5,523,Sunday,1,35-44,M,sunny
1230,2025-09-07 19:53:55,32.021316,35.943829,Hospital,Home,car,42.42,2356.0,235,Sunday,19,25-34,F,rain
1231,2025-08-06 11:01:40,31.938275,35.932463,Airport,Work,car,24.36,9733.8,1461,Wednesday,11,35-44,F,sunny
1232,2025-08-12 19:58:11,31.913906,35.884226,Mall,Mall,car,42.25,8108.8,631,Tuesday,19,25-34,M,windy
1233,2025-08-11 20:41:33,31.952352,35.912874,Park,Airport,scooter,23.59,1240.8,143,Monday,20,25-34,M,sunny
1234,2025-09-02 10:29:55,32.032391,36.002343,Cafe,Station,car,60.14,16269.3,998,Tuesday,10,35-44,F,sunny
1235,2025-08-12 02:30:54,31.93089,35.906586,Cafe,Hospital,walk,5.23,1906.2,1296,Tuesday,2,18-24,M,windy
1236,2025-06-30 05:47:36,32.004174,35.950684,Work,Park,bike,17.82,1611.1,322,Monday,5,25-34,F,sunny
1237,2025-06-22 19:13:25,32.005331,35.975223,Work,Station,bus,34.97,2898.9,268,Sunday,19,18-24,F,windy
1238,2025-07-26 10:53:41,31.938392,35.907352,Market,Home,car,67.43,28249.5,1563,Saturday,10,25-34,F,windy
1239,2025-07-13 21:49:03,31.972069,35.950541,Hospital,Park,car,32.85,1607.6,198,Sunday,21,18-24,F,rain
1240,2025-07-11 09:01:14,32.003852,35.973137,Station,Mall,walk,5.3,196.5,151,Friday,9,25-34,F,sunny
1241,2025-06-21 17:03:26,31.943626,35.945375,Airport,Park,car,55.49,15490.4,1061,Saturday,17,35-44,F,cloudy
1242,2025-08-01 07:34:23,31.948893,36.031052,Home,Station,bike,19.46,2800.7,537,Friday,7,35-44,F,rain
1243,2025-07-14 14:12:23,31.93755,35.894942,Mall,Cafe,taxi,54.85,1563.1,73,Monday,14,25-34,F,cloudy
1244,2025-07-27 07:51:34,31.924557,35.976762,Home,Station,bus,53.13,12733.8,807,Sunday,7,55+,F,cloudy
1245,2025-06-21 18:36:28,31.935522,35.939816,Market,Airport,walk,5.84,1245.8,794,Saturday,18,25-34,M,hot
1246,2025-08-30 12:11:24,31.918282,35.968158,Airport,Home,car,36.32,14140.6,1454,Saturday,12,25-34,M,cloudy
1247,2025-06-23 13:27:52,31.956023,35.958239,Cafe,Market,walk,5.87,1817.9,1095,Monday,13,35-44,F,hot
1248,2025-09-02 10:30:20,31.931901,35.923005,Park,Park,car,31.52,7823.9,881,Tuesday,10,35-44,M,sunny
1249,2025-09-01 15:09:33,31.962014,35.95187,Market,Station,bus,34.35,39125.0,4157,Monday,15,35-44,F,sunny
1250,2025-08-11 00:08:37,31.908323,35.889263,Station,University,car,31.0,22748.7,2682,Monday,0,18-24,F,sunny
1251,2025-08-01 06:59:31,31.964926,35.963097,Airport,University,car,33.86,12145.2,1351,Friday,6,25-34,F,sunny
1252,2025-07-28 07:10:57,31.980006,35.953945,Work,Work,walk,3.02,1719.0,2003,Monday,7,45-54,F,cloudy
1253,2025-08-05 13:02:56,31.895188,35.96416,Cafe,Park,bus,33.73,12448.4,1317,Tuesday,13,25-34,F,sunny
1254,2025-08-26 22:03:07,31.966222,35.976744,Home,Cafe,car,54.22,28201.7,1844,Tuesday,22,35-44,M,hot
1255,2025-09-05 06:49:09,31.99183,35.956029,Airport,Home,car,41.94,17823.4,1538,Friday,6,25-34,F,sunny
1256,2025-07-27 03:09:01,31.918711,35.949443,Market,Hospital,walk,5.08,1660.3,1208,Sunday,3,35-44,M,sunny
1257,2025-08-28 12:55:40,32.005177,35.918568,Station,Home,car,34.56,28956.6,2992,Thursday,12,18-24,M,sunny
1258,2025-08-14 07:41:40,31.967571,35.923633,University,Park,taxi,50.48,1636.3,59,Thursday,7,25-34,M,sunny
1259,2025-07-15 14:13:24,31.93385,35.980602,Mall,University,car,52.3,17304.5,1247,Tuesday,14,18-24,M,sunny
1260,2025-07-29 11:05:03,31.953327,35.98809,Airport,Home,car,26.62,23083.7,3127,Tuesday,11,35-44,M,sunny
1261,2025-06-30 05:35:07,31.97175,35.937857,Park,Station,car,42.83,24661.2,2117,Monday,5,35-44,M,cloudy
1262,2025-06-22 05:22:21,31.95728,35.94638,University,Home,bus,38.05,13866.9,1349,Sunday,5,<18,F,sunny
1263,2025-06-25 23:17:22,31.971163,35.917862,Airport,Park,car,36.23,20654.4,2039,Wednesday,23,35-44,F,sunny
1264,2025-09-05 13:50:22,31.92738,35.980183,University,Station,walk,3.23,455.8,513,Friday,13,25-34,M,cloudy
1265,2025-07-17 13:33:04,31.960081,35.964963,Market,Mall,car,30.55,24071.7,2878,Thursday,13,18-24,M,sunny
1266,2025-08-19 22:38:49,31.912589,36.003237,Park,Home,car,56.1,2068.2,137,Tuesday,22,25-34,F,sunny
1267,2025-08-01 01:33:04,31.951663,35.91865,Hospital,Work,car,51.89,28287.1,1959,Friday,1,18-24,F,sunny
1268,2025-07-02 04:27:10,31.927883,35.93366,University,Park,bus,40.67,29108.0,2578,Wednesday,4,25-34,F,sunny
1269,2025-07-08 22:51:07,31.932934,35.951943,Mall,Airport,car,28.06,26223.4,3309,Tuesday,22,25-34,M,cloudy
1270,2025-07-26 01:17:00,31.992083,35.964395,Station,Airport,walk,6.19,1520.4,861,Saturday,1,35-44,F,sunny
1271,2025-07-26 04:52:35,31.987739,35.93853,Mall,Work,taxi,56.88,26163.0,1709,Saturday,4,35-44,M,rain
1272,2025-08-02 16:51:40,31.973274,35.918811,Park,Airport,car,33.94,29293.9,3130,Saturday,16,25-34,F,windy
1273,2025-06-30 22:37:02,31.922231,35.971442,Airport,Work,car,38.74,13229.1,1193,Monday,22,<18,M,sunny
1274,2025-07-20 05:05:08,31.945508,35.966634,Park,Mall,car,43.27,4176.6,328,Sunday,5,45-54,M,hot
1275,2025-07-12 02:46:32,31.991393,35.917512,Home,Cafe,car,44.93,11464.6,923,Saturday,2,35-44,M,sunny
1276,2025-07-23 10:40:02,31.959252,35.985663,Hospital,University,walk,4.61,1279.1,948,Wednesday,10,<18,M,sunny
1277,2025-07-17 02:35:54,32.02458,35.980106,Station,Station,bus,38.98,8946.4,778,Thursday,2,35-44,M,sunny
1278,2025-08-09 11:09:32,31.9668,35.949029,Cafe,Work,bus,35.29,13582.9,1346,Saturday,11,18-24,F,sunny
1279,2025-08-26 16:27:20,31.960761,35.947388,Cafe,Market,car,19.2,29504.3,5570,Tuesday,16,25-34,F,cloudy
1280,2025-08-13 21:54:18,31.945727,35.961622,Market,Market,car,32.05,25213.3,2840,Wednesday,21,25-34,M,sunny
1281,2025-06-22 14:05:42,31.959006,35.919149,Home,Market,walk,6.26,760.5,445,Sunday,14,25-34,M,rain
1282,2025-06-25 03:51:30,31.950426,35.945901,Work,Hospital,walk,4.93,1593.1,1103,Wednesday,3,45-54,M,cloudy
1283,2025-08-16 17:01:29,31.976243,35.880428,Cafe,Airport,car,47.07,14237.1,1108,Saturday,17,25-34,F,sunny
1284,2025-07-12 05:28:58,31.983701,35.971294,Work,Work,car,32.83,4117.5,399,Saturday,5,18-24,M,cloudy
1285,2025-08-20 18:59:24,31.93142,35.898155,Mall,Park,taxi,33.35,22729.5,2419,Wednesday,18,45-54,M,windy
1286,2025-08-14 17:54:14,31.915063,35.990103,Station,Work,bus,17.66,4773.3,998,Thursday,17,45-54,M,sunny
1287,2025-09-06 05:25:32,31.899914,35.935096,Work,Park,car,52.68,19963.7,1384,Saturday,5,35-44,F,sunny
1288,2025-09-03 06:00:34,31.97024,35.93865,Work,Mall,car,49.37,23059.4,1720,Wednesday,6,25-34,M,sunny
1289,2025-07-16 15:47:15,31.921899,35.926168,Market,Park,walk,5.4,1888.2,1225,Wednesday,15,18-24,M,sunny
1290,2025-08-08 02:26:34,31.890413,35.936359,Hospital,Cafe,taxi,27.71,18712.7,2481,Friday,2,35-44,F,sunny
1291,2025-06-29 09:12:39,31.966657,35.987556,Hospital,Market,car,54.57,10662.9,730,Sunday,9,18-24,F,sunny
1292,2025-07-18 03:20:18,32.02979,35.870366,Airport,Airport,walk,5.82,1430.9,879,Friday,3,18-24,F,cloudy
1293,2025-09-11 17:57:00,31.954818,35.983309,Work,Station,car,36.74,14221.8,1439,Thursday,17,25-34,M,cloudy
1294,2025-08-18 12:26:32,31.980155,35.955141,Airport,Station,bus,33.43,34389.2,3656,Monday,12,18-24,M,sunny
1295,2025-07-21 22:21:17,31.957455,35.908789,University,Hospital,bus,29.34,26941.8,3271,Monday,22,<18,F,sunny
1296,2025-08-09 05:00:52,31.952033,35.912741,Airport,Mall,walk,5.82,841.9,528,Saturday,5,25-34,F,sunny
1297,2025-09-09 01:48:37,31.982572,35.995292,University,Cafe,bus,22.97,30236.9,4784,Tuesday,1,18-24,M,sunny
1298,2025-07-14 12:25:20,31.946292,35.916635,Station,Cafe,bike,9.24,4260.8,1689,Monday,12,18-24,M,sunny
1299,2025-07-20 13:21:10,31.963022,35.910399,Hospital,Airport,walk,5.7,138.9,139,Sunday,13,18-24,M,windy
1300,2025-08-26 21:42:55,31.964651,35.979119,Station,Park,bus,36.01,25949.0,2628,Tuesday,21,18-24,M,sunny
1301,2025-08-28 20:12:16,31.934957,35.955157,Airport,Hospital,bus,17.64,33098.2,6793,Thursday,20,35-44,F,sunny
1302,2025-08-15 23:10:37,31.984761,35.916862,Cafe,University,car,17.41,16880.6,3485,Friday,23,35-44,F,sunny
1303,2025-08-30 06:16:36,31.949751,35.951499,Work,Park,car,43.44,17032.4,1433,Saturday,6,25-34,M,rain
1304,2025-08-22 03:28:43,31.932328,35.914227,Airport,Hospital,bus,34.99,30672.4,3199,Friday,3,25-34,M,cloudy
1305,2025-08-17 08:13:14,31.971095,35.978025,Home,Cafe,bus,29.02,10947.1,1418,Sunday,8,<18,F,sunny
1306,2025-08-03 00:44:06,31.928046,35.976841,Cafe,Mall,bus,23.45,39401.9,5997,Sunday,0,18-24,M,sunny
1307,2025-08-13 19:08:20,31.955845,35.96096,Airport,Station,car,60.22,9085.8,578,Wednesday,19,18-24,F,sunny
1308,2025-07-24 18:16:59,31.954726,35.95585,University,Work,taxi,45.27,10332.1,848,Thursday,18,25-34,F,sunny
1309,2025-07-19 05:16:27,31.987577,35.997836,Park,Park,taxi,52.53,14737.5,968,Saturday,5,35-44,F,hot
1310,2025-07-19 06:56:11,31.969241,35.944991,Cafe,Home,walk,3.76,1083.6,980,Saturday,6,25-34,M,cloudy
1311,2025-07-02 21:05:36,31.954249,35.909544,Park,Park,bus,41.38,5434.1,470,Wednesday,21,25-34,M,cloudy
1312,2025-07-05 22:22:54,31.979533,35.958484,University,Work,car,44.87,23529.3,1918,Saturday,22,18-24,M,sunny
1313,2025-09-09 22:41:20,31.996706,36.007581,University,Cafe,car,58.91,10499.0,623,Tuesday,22,35-44,M,sunny
1314,2025-07-30 10:04:14,31.971734,35.914557,Home,Hospital,car,47.07,12872.2,928,Wednesday,10,25-34,M,rain
1315,2025-07-07 01:03:30,31.955311,35.934156,Airport,Mall,walk,5.21,1030.6,663,Monday,1,35-44,F,sunny
1316,2025-06-29 00:52:00,31.915645,35.957493,Station,Home,car,39.99,7372.8,612,Sunday,0,25-34,F,hot
1317,2025-06-23 14:24:07,31.923047,35.943383,Hospital,Cafe,bus,25.41,36381.3,5100,Monday,14,35-44,F,sunny
1318,2025-08-31 15:41:27,31.945843,35.915531,Airport,University,walk,5.01,1655.2,1151,Sunday,15,45-54,M,sunny
1319,2025-06-25 18:11:22,31.936715,35.978656,Work,Station,car,47.26,17815.2,1398,Wednesday,18,45-54,F,cloudy
1320,2025-08-25 00:48:53,31.949391,36.014601,Work,Airport,taxi,54.93,29905.1,1931,Monday,0,25-34,F,sunny
1321,2025-08-30 19:35:03,31.956699,35.950884,Home,Mall,car,49.09,17860.7,1320,Saturday,19,25-34,M,sunny
1322,2025-09-04 04:28:44,31.970891,35.917878,Park,Station,car,32.79,29300.5,3165,Thursday,4,18-24,F,sunny
1323,2025-06-20 01:15:36,31.952885,35.898531,Park,Home,car,26.68,15606.9,2118,Friday,1,45-54,M,cloudy
1324,2025-07-16 23:08:11,31.969595,35.952739,Cafe,Park,car,43.98,21622.2,1814,Wednesday,23,25-34,M,sunny
1325,2025-08-24 14:56:59,31.956934,35.978116,Station,Hospital,car,24.06,26372.4,3914,Sunday,14,18-24,M,sunny
1326,2025-06-28 10:47:29,31.895736,35.959255,Station,Market,bus,30.24,7810.4,985,Saturday,10,25-34,F,cloudy
1327,2025-07-20 13:26:25,31.92682,35.944928,Hospital,Work,car,27.86,11339.7,1438,Sunday,13,18-24,F,sunny
1328,2025-07-01 06:10:46,31.950677,35.927322,Work,Mall,bus,36.91,37741.3,3673,Tuesday,6,25-34,M,windy
1329,2025-08-30 11:25:51,31.918709,35.912235,Station,Home,car,36.69,3009.3,284,Saturday,11,25-34,M,sunny
1330,2025-08-25 01:17:48,31.972998,35.970043,Mall,Market,car,37.88,15633.8,1482,Monday,1,25-34,M,cloudy
1331,2025-08-28 11:15:35,32.000923,35.972413,Airport,Station,car,26.12,21017.5,2916,Thursday,11,18-24,M,sunny
1332,2025-07-01 13:17:24,31.991563,35.898628,Station,Hospital,car,51.39,2770.0,185,Tuesday,13,45-54,M,cloudy
1333,2025-07-26 01:06:00,31.948597,35.992695,Mall,Park,car,42.85,29579.4,2480,Saturday,1,35-44,M,cloudy
1334,2025-07-23 15:10:48,31.999722,35.962222,Cafe,Park,walk,5.39,1879.4,1235,Wednesday,15,35-44,M,windy
1335,2025-08-16 12:40:10,31.95946,35.986988,Mall,University,walk,3.59,1517.3,1463,Saturday,12,25-34,F,sunny
1336,2025-07-08 00:47:26,31.944887,35.904736,Hospital,Hospital,bike,9.97,1505.6,532,Tuesday,0,35-44,M,sunny
1337,2025-07-26 15:11:41,31.936598,35.904025,Station,Airport,bike,12.82,3911.6,1124,Saturday,15,25-34,F,cloudy
1338,2025-07-12 07:10:11,31.945926,35.940531,Airport,Market,car,36.45,17008.1,1634,Saturday,7,18-24,M,sunny
1339,2025-08-23 00:33:51,31.943355,35.960084,Work,Cafe,walk,4.09,213.4,195,Saturday,0,18-24,M,sunny
1340,2025-07-27 01:24:35,31.960112,35.998891,Market,University,bus,45.17,19943.0,1529,Sunday,1,25-34,M,windy
1341,2025-08-03 17:11:22,31.959817,35.966182,Cafe,Hospital,bike,18.51,5992.6,1187,Sunday,17,18-24,M,sunny
1342,2025-07-14 12:10:34,31.955091,35.93772,Mall,Home,car,40.55,3299.8,324,Monday,12,55+,M,hot
1343,2025-08-28 10:21:11,31.968108,35.914209,Hospital,Hospital,car,33.42,4375.8,490,Thursday,10,<18,F,sunny
1344,2025-07-28 20:47:57,31.990719,35.9819,Work,Airport,walk,3.78,968.1,870,Monday,20,25-34,F,cloudy
1345,2025-08-30 19:34:13,31.983487,35.916059,Market,Hospital,bus,30.09,30191.5,3648,Saturday,19,25-34,M,sunny
1346,2025-07-19 18:15:43,31.910453,35.993854,Airport,Market,walk,5.43,1397.6,961,Saturday,18,25-34,M,sunny
1347,2025-09-09 21:31:36,31.878382,35.936468,Mall,Hospital,car,35.94,22861.0,2303,Tuesday,21,25-34,F,hot
1348,2025-09-13 06:06:55,31.98303,35.992717,Station,Hospital,bus,34.0,35491.5,3702,Saturday,6,18-24,M,sunny
1349,2025-07-28 04:57:15,31.913994,35.965368,Station,Station,car,35.21,29133.0,3007,Monday,4,35-44,F,rain
1350,2025-07-12 00:21:08,31.948257,35.94089,Market,Cafe,bike,11.92,6355.9,1967,Saturday,0,25-34,F,cloudy
1351,2025-07-21 00:34:12,31.919897,35.929418,Park,Work,car,45.02,12725.5,966,Monday,0,25-34,F,sunny
1352,2025-08-03 03:02:19,31.900941,35.934773,Home,Market,car,22.93,15209.0,2372,Sunday,3,35-44,M,windy
1353,2025-09-11 14:51:53,31.971244,35.95785,University,Work,taxi,26.64,20568.1,2837,Thursday,14,45-54,M,sunny
1354,2025-08-29 04:12:38,31.977775,35.947315,Work,Station,bus,22.98,31584.6,4951,Friday,4,35-44,M,rain
1355,2025-08-27 18:26:43,31.937705,35.927186,Home,University,car,34.46,13392.8,1352,Wednesday,18,25-34,F,sunny
1356,2025-06-29 02:39:58,31.877269,35.940031,Mall,Airport,taxi,47.29,27141.9,2043,Sunday,2,25-34,F,rain
1357,2025-07-09 03:43:56,31.938613,35.947357,Hospital,Cafe,walk,3.34,403.8,475,Wednesday,3,25-34,F,cloudy
1358,2025-08-13 08:40:20,31.966754,35.881138,Station,Airport,walk,4.75,998.7,783,Wednesday,8,35-44,F,sunny
1359,2025-09-03 07:49:05,31.910633,35.958745,Cafe,Station,bus,32.94,30417.6,3302,Wednesday,7,45-54,F,cloudy
1360,2025-08-05 13:32:00,31.960501,35.915608,Station,Market,walk,5.34,1801.3,1231,Tuesday,13,18-24,F,sunny
1361,2025-06-25 21:19:09,31.954541,35.9104,Market,Mall,walk,5.88,243.9,100,Wednesday,21,25-34,F,sunny
1362,2025-08-31 18:51:10,31.972379,35.89438,Mall,Cafe,walk,4.78,1459.0,1074,Sunday,18,35-44,F,sunny
1363,2025-09-01 06:14:39,31.958587,35.891183,Cafe,Cafe,car,34.16,17160.2,1845,Monday,6,25-34,M,sunny
1364,2025-07-12 07:27:41,31.925808,35.904337,Hospital,Station,car,53.38,11630.0,842,Saturday,7,25-34,M,sunny
1365,2025-08-24 08:03:28,31.990897,35.923729,Hospital,University,car,33.79,7438.3,788,Sunday,8,25-34,F,sunny
1366,2025-07-11 04:57:17,31.950244,36.003598,Cafe,Home,walk,4.1,1142.7,991,Friday,4,25-34,M,sunny
1367,2025-09-06 03:11:13,31.954181,35.929224,University,Hospital,car,31.84,3751.8,414,Saturday,3,55+,M,sunny
1368,2025-06-29 21:59:55,31.927002,35.950333,Mall,Park,scooter,15.75,4190.4,1002,Sunday,21,25-34,F,sunny
1369,2025-07-26 00:39:58,31.941702,35.957014,Airport,Park,bus,42.81,22650.3,1928,Saturday,0,18-24,F,cloudy
1370,2025-09-09 19:58:41,31.928456,35.948932,Market,Airport,car,57.97,10821.5,615,Tuesday,19,18-24,F,cloudy
1371,2025-07-06 15:19:39,31.949812,35.942677,Work,Hospital,taxi,48.59,11042.0,818,Sunday,15,<18,M,sunny
1372,2025-07-27 06:09:43,32.006351,35.909141,Hospital,Home,car,45.43,3480.5,235,Sunday,6,25-34,F,rain
1373,2025-07-18 02:49:45,31.913843,35.988528,Mall,Mall,walk,4.1,988.0,875,Friday,2,25-34,M,cloudy
1374,2025-06-19 01:19:59,31.906593,35.999216,Park,Airport,walk,4.5,396.3,285,Thursday,1,18-24,F,cloudy
1375,2025-06-21 10:45:37,31.999135,35.89452,Mall,Cafe,walk,3.2,1503.6,1648,Saturday,10,35-44,M,sunny
1376,2025-07-31 20:03:39,31.94872,35.914279,Park,Work,car,38.0,1799.5,205,Thursday,20,35-44,F,sunny
1377,2025-07-07 21:00:22,31.934928,35.936606,Station,Park,walk,3.5,101.9,94,Monday,21,18-24,F,rain
1378,2025-09-14 03:54:01,31.986197,35.916064,Station,Airport,car,42.07,26206.8,2283,Sunday,3,25-34,M,rain
1379,2025-07-20 09:32:12,31.936832,35.960179,Airport,Park,walk,4.18,1361.7,1214,Sunday,9,55+,F,sunny
1380,2025-06-19 04:36:38,32.00978,35.923152,Home,Station,scooter,21.45,6310.6,1107,Thursday,4,25-34,F,sunny
1381,2025-09-08 10:18:34,31.975338,36.009952,Work,Mall,car,14.72,26725.0,6545,Monday,10,35-44,M,cloudy
1382,2025-08-31 04:20:46,31.940363,35.980716,Airport,Mall,scooter,15.83,2828.9,620,Sunday,4,25-34,M,cloudy
1383,2025-08-14 03:38:26,32.019719,35.951377,Market,Work,taxi,23.5,23364.8,3600,Thursday,3,35-44,M,rain
1384,2025-08-26 21:06:27,31.936829,35.97581,Station,Market,walk,3.82,1841.3,1693,Tuesday,21,35-44,M,sunny
1385,2025-06-29 00:56:26,31.977263,35.978177,Market,Mall,car,43.78,29616.9,2413,Sunday,0,35-44,F,sunny
1386,2025-07-12 11:23:06,31.963979,35.928082,Airport,Cafe,walk,5.53,1424.6,953,Saturday,11,45-54,F,sunny
1387,2025-08-30 08:00:38,31.994052,35.920513,Work,Station,scooter,21.69,8896.5,1529,Saturday,8,45-54,M,sunny
1388,2025-08-18 07:14:27,32.001845,35.947344,Park,University,car,41.94,25416.9,2238,Monday,7,25-34,M,sunny
1389,2025-06-29 03:31:03,31.95596,35.970849,Airport,Airport,walk,5.07,113.1,121,Sunday,3,18-24,M,rain
1390,2025-08-19 03:41:01,31.932397,35.949172,Station,Cafe,walk,5.8,121.0,125,Tuesday,3,25-34,M,sunny
1391,2025-07-27 00:42:17,31.968799,35.89769,Work,Hospital,car,17.61,14086.1,2912,Sunday,0,35-44,M,rain
1392,2025-06-17 03:04:05,31.934669,35.920915,Hospital,University,taxi,55.44,12611.7,840,Tuesday,3,35-44,M,sunny
1393,2025-06-23 18:51:11,32.015402,35.942781,University,Cafe,car,37.73,25830.6,2451,Monday,18,18-24,M,sunny
1394,2025-07-09 16:31:16,31.959096,35.94273,University,Hospital,bus,35.38,36308.9,3635,Wednesday,16,18-24,F,sunny
1395,2025-08-30 19:14:45,31.94404,36.004176,Airport,Park,car,10.05,23069.6,8273,Saturday,19,35-44,F,sunny
1396,2025-08-05 01:08:33,31.96054,35.90342,Market,Park,walk,4.97,1445.1,1097,Tuesday,1,18-24,M,rain
1397,2025-08-21 02:33:09,31.914586,35.960168,University,Park,taxi,33.03,8680.7,957,Thursday,2,25-34,F,sunny
1398,2025-08-03 03:42:43,31.925852,35.989673,Mall,Work,walk,4.64,349.0,228,Sunday,3,35-44,F,sunny
1399,2025-06-26 15:53:20,31.991012,36.013143,Work,Station,taxi,29.68,19493.6,2319,Thursday,15,25-34,F,sunny
1400,2025-07-12 14:01:29,31.935293,35.932868,University,Airport,car,31.11,28680.4,3263,Saturday,14,18-24,M,sunny
1401,2025-07-13 18:12:43,31.923593,35.959743,Mall,Work,walk,5.59,1589.9,963,Sunday,18,18-24,F,cloudy
1402,2025-06-20 22:51:51,31.9711,35.962093,Park,Mall,car,42.14,22108.5,1901,Friday,22,18-24,F,sunny
1403,2025-07-24 10:32:55,31.990571,35.950864,Market,Mall,taxi,22.58,25542.0,4088,Thursday,10,18-24,M,cloudy
1404,2025-08-27 02:32:51,31.976569,35.942035,Hospital,Mall,taxi,31.46,27256.4,3108,Wednesday,2,25-34,M,cloudy
1405,2025-07-27 19:05:27,31.984881,35.958079,Hospital,Station,walk,4.72,1605.8,1232,Sunday,19,25-34,F,sunny
1406,2025-06-26 15:10:42,31.932296,35.869033,Work,Work,walk,4.97,641.6,474,Thursday,15,18-24,F,sunny
1407,2025-09-06 02:50:34,31.912346,35.965462,Mall,Work,car,59.8,27526.0,1607,Saturday,2,18-24,F,cloudy
1408,2025-08-09 08:40:54,32.00004,35.948785,Home,University,car,41.86,16694.0,1414,Saturday,8,18-24,F,cloudy
1409,2025-06-18 03:13:33,31.94532,35.938326,Hospital,Work,car,21.34,9850.6,1627,Wednesday,3,55+,F,sunny
1410,2025-08-02 00:56:13,31.947475,36.006406,Hospital,Hospital,walk,5.03,1613.4,1189,Saturday,0,25-34,M,sunny
1411,2025-07-08 10:18:42,31.994846,35.924752,Park,Mall,taxi,27.73,3741.3,519,Tuesday,10,45-54,M,sunny
1412,2025-06-29 13:51:05,31.971687,35.932908,Hospital,Work,car,38.14,14714.7,1443,Sunday,13,35-44,F,sunny
1413,2025-07-25 06:52:53,31.968677,36.004747,Hospital,Station,bus,46.77,19900.6,1563,Friday,6,25-34,M,sunny
1414,2025-08-10 23:42:51,32.01995,35.920038,University,Airport,car,35.21,5160.8,511,Sunday,23,35-44,M,sunny
1415,2025-07-08 07:20:39,31.935694,35.928497,Hospital,Mall,car,49.08,5623.8,379,Tuesday,7,18-24,F,sunny
1416,2025-07-24 03:30:41,31.982835,35.940589,Park,Market,taxi,40.17,21002.9,1874,Thursday,3,35-44,F,sunny
1417,2025-08-15 10:46:03,31.95671,35.970222,Market,Hospital,car,54.88,5367.4,407,Friday,10,18-24,M,sunny
1418,2025-06-24 08:39:06,31.963058,35.951234,Airport,Market,bus,34.49,37781.0,3965,Tuesday,8,35-44,M,rain
1419,2025-09-12 08:58:45,32.000854,35.906221,Hospital,Mall,taxi,50.48,8151.6,629,Friday,8,18-24,M,sunny
1420,2025-06-22 17:54:46,31.970235,35.929035,Cafe,University,car,43.65,22443.0,1855,Sunday,17,35-44,M,windy
1421,2025-08-03 00:00:50,31.971149,35.926779,Work,Station,car,35.09,12134.7,1202,Sunday,0,18-24,F,sunny
1422,2025-08-01 07:33:12,31.987175,35.942683,Home,Airport,walk,6.62,1349.8,694,Friday,7,45-54,M,cloudy
1423,2025-09-13 14:31:17,31.944051,35.957775,Cafe,Airport,walk,5.3,181.5,86,Saturday,14,25-34,F,sunny
1424,2025-08-05 12:41:37,31.929824,35.957546,University,Mall,walk,4.48,462.1,339,Tuesday,12,35-44,F,cloudy
1425,2025-07-21 19:06:20,31.923656,35.89172,Station,Work,walk,4.16,1946.5,1702,Monday,19,25-34,F,sunny
1426,2025-07-28 23:13:02,31.896009,35.976918,Park,University,bike,15.85,7013.0,1638,Monday,23,25-34,M,sunny
1427,2025-08-12 20:46:28,32.016686,35.952577,Work,Station,car,51.41,26739.8,1844,Tuesday,20,25-34,M,windy
1428,2025-09-12 22:46:14,31.921904,35.986536,Airport,Mall,car,44.52,8524.8,653,Friday,22,45-54,M,sunny
1429,2025-07-09 11:36:36,31.948362,35.958326,Station,Work,car,36.4,12986.9,1238,Wednesday,11,<18,M,windy
1430,2025-06-18 02:48:31,31.946696,35.97804,Cafe,Mall,walk,5.49,1160.7,724,Wednesday,2,45-54,F,sunny
1431,2025-08-26 14:55:43,31.964222,35.958996,Market,University,walk,5.96,779.0,495,Tuesday,14,25-34,M,sunny
1432,2025-07-17 16:29:56,31.979472,35.985387,Work,Station,car,24.61,23475.7,3476,Thursday,16,35-44,F,sunny
1433,2025-08-21 14:52:41,31.980814,35.960668,Cafe,Hospital,car,27.82,5231.9,689,Thursday,14,25-34,M,cloudy
1434,2025-08-12 04:45:38,31.937508,35.942063,Cafe,Mall,car,46.95,19242.4,1524,Tuesday,4,25-34,M,sunny
1435,2025-08-25 02:10:06,31.949986,36.013173,Market,Work,car,27.47,10464.9,1317,Monday,2,45-54,F,windy
1436,2025-08-21 19:43:45,31.963477,35.971671,Work,Home,bus,28.5,13515.8,1755,Thursday,19,25-34,M,sunny
1437,2025-07-16 13:57:56,31.947539,35.962212,University,Home,car,41.16,23145.8,2060,Wednesday,13,25-34,M,cloudy
1438,2025-06-20 15:29:26,32.00322,35.906711,Market,Home,car,30.34,17688.5,2157,Friday,15,<18,M,sunny
1439,2025-08-04 19:06:54,31.969729,35.906351,University,Work,taxi,38.51,13632.7,1284,Monday,19,18-24,M,sunny
1440,2025-08-28 20:54:16,31.977046,35.953781,Home,University,bus,31.04,25157.8,2916,Thursday,20,25-34,F,sunny
1441,2025-07-02 09:55:05,31.974886,35.949366,Station,University,car,51.91,22140.0,1557,Wednesday,9,35-44,M,sunny
1442,2025-08-25 18:40:24,31.990204,35.926576,Home,Station,car,50.71,19891.5,1422,Monday,18,25-34,M,sunny
1443,2025-07-28 11:18:39,31.960431,35.949229,Market,Park,walk,5.34,1477.1,944,Monday,11,18-24,M,sunny
1444,2025-08-18 05:45:58,31.916095,35.992659,Park,Home,car,34.17,29810.9,3117,Monday,5,25-34,F,sunny
1445,2025-08-12 12:16:29,31.966991,35.965862,Home,Airport,taxi,50.95,15929.6,1150,Tuesday,12,25-34,M,sunny
1446,2025-08-28 16:33:37,31.935459,35.91077,Park,Park,car,51.33,26169.8,1783,Thursday,16,25-34,M,sunny
1447,2025-06-22 08:01:21,31.939141,35.941655,Park,Cafe,scooter,16.42,7404.0,1595,Sunday,8,45-54,M,sunny
1448,2025-08-25 12:17:48,31.972591,35.920851,Market,Home,car,41.91,21548.3,1802,Monday,12,35-44,M,sunny
1449,2025-07-27 20:18:48,31.992148,35.933369,Airport,Airport,taxi,35.7,19958.2,1977,Sunday,20,18-24,M,hot
1450,2025-07-13 01:33:41,31.955638,35.932592,Hospital,University,car,43.15,9576.0,830,Sunday,1,45-54,M,windy
1451,2025-06-20 14:20:49,31.964265,35.930671,Cafe,Airport,walk,4.06,1399.6,1255,Friday,14,25-34,M,sunny
1452,2025-07-04 14:34:49,32.006066,35.907346,Home,Park,car,47.85,9554.8,720,Friday,14,35-44,M,hot
1453,2025-06-20 10:14:32,31.962223,35.94117,Mall,Hospital,bike,15.97,7442.1,1659,Friday,10,18-24,M,cloudy
1454,2025-09-08 15:48:24,32.03305,35.928182,Home,Mall,walk,4.06,1941.6,1706,Monday,15,35-44,F,sunny
1455,2025-08-02 00:57:14,31.971965,35.857117,Airport,Market,bus,35.53,15435.0,1519,Saturday,0,18-24,F,sunny
1456,2025-09-13 16:13:50,31.902177,36.006589,Station,Home,bike,13.23,7253.4,1998,Saturday,16,25-34,M,windy
1457,2025-08-04 12:40:18,31.9776,35.977663,Airport,University,bus,16.23,31836.9,7084,Monday,12,<18,M,cloudy
1458,2025-07-09 10:52:59,31.966435,35.933711,Hospital,Station,bike,12.05,3577.1,1038,Wednesday,10,18-24,F,rain
1459,2025-08-23 10:50:02,31.993693,35.945565,Market,Home,walk,6.08,1953.7,1108,Saturday,10,18-24,F,rain
1460,2025-07-03 20:30:32,31.975195,35.90985,Cafe,Work,taxi,56.24,28195.8,1780,Thursday,20,18-24,M,sunny
1461,2025-07-18 18:47:23,31.950846,35.995872,Airport,Park,car,56.54,25054.3,1614,Friday,18,18-24,F,sunny
1462,2025-08-25 22:20:35,31.918271,36.001919,Home,University,car,34.65,27067.7,2760,Monday,22,35-44,M,sunny
1463,2025-09-02 13:50:59,31.948729,35.949701,Station,Airport,car,38.12,10286.7,1026,Tuesday,13,<18,M,sunny
1464,2025-07-16 12:40:58,31.929484,35.975706,Airport,Station,car,35.89,13598.9,1328,Wednesday,12,25-34,F,sunny
1465,2025-06-27 20:35:29,31.937584,35.950259,Mall,Mall,scooter,19.93,6800.5,1208,Friday,20,18-24,F,sunny
1466,2025-07-19 18:38:49,31.972657,35.904898,Station,University,car,27.14,15423.6,2047,Saturday,18,45-54,F,sunny
1467,2025-09-04 17:00:59,32.005097,35.932645,Park,Mall,car,34.91,26403.6,2719,Thursday,17,45-54,M,sunny
1468,2025-08-22 13:16:12,31.96684,35.948958,Market,Home,bus,31.56,37684.6,4280,Friday,13,18-24,M,sunny
1469,2025-09-05 04:08:33,31.919124,35.931364,Work,Home,walk,6.09,349.7,224,Friday,4,25-34,F,sunny
1470,2025-07-21 10:52:41,31.968338,35.93844,University,Market,car,42.8,24126.0,2053,Monday,10,<18,M,sunny
1471,2025-09-12 06:58:06,31.990899,35.942258,Cafe,Park,taxi,37.68,10390.7,971,Friday,6,45-54,M,sunny
1472,2025-07-31 07:31:28,31.936707,35.942574,Market,Airport,car,30.4,17982.2,2157,Thursday,7,25-34,M,cloudy
1473,2025-07-31 10:22:33,31.950979,35.946568,Hospital,Home,bus,37.77,15960.7,1535,Thursday,10,<18,M,windy
1474,2025-09-07 20:14:10,31.955441,35.913182,Market,Hospital,car,25.96,25962.9,3559,Sunday,20,25-34,M,sunny
1475,2025-08-02 09:21:40,31.931453,35.92349,Home,Work,bus,20.15,14772.9,2651,Saturday,9,18-24,F,sunny
1476,2025-08-27 18:12:19,31.974448,35.906462,Market,Market,taxi,45.79,25575.2,2022,Wednesday,18,25-34,F,rain
1477,2025-08-21 02:13:16,31.951372,35.974334,Market,University,bike,17.16,5367.1,1111,Thursday,2,35-44,M,sunny
1478,2025-06-23 18:12:28,31.967586,35.881831,University,Work,walk,2.26,760.8,1254,Monday,18,25-34,F,cloudy
1479,2025-08-09 21:01:28,31.928375,35.979608,Work,Station,car,37.76,7231.5,669,Saturday,21,25-34,M,sunny
1480,2025-08-29 15:58:57,31.941876,35.98659,Station,Airport,car,21.38,9242.1,1550,Friday,15,18-24,F,rain
1481,2025-08-04 17:57:00,31.976671,35.935935,University,University,walk,4.8,709.3,492,Monday,17,18-24,M,windy
1482,2025-07-15 13:32:32,31.943815,35.866906,Home,Market,walk,4.56,1927.5,1461,Tuesday,13,18-24,F,cloudy
1483,2025-06-23 20:40:27,32.006809,35.934161,Home,Mall,car,53.6,2315.9,135,Monday,20,35-44,F,sunny
1484,2025-08-15 03:18:39,31.943011,35.943074,Hospital,Work,taxi,44.25,4089.6,303,Friday,3,18-24,M,rain
1485,2025-07-14 05:45:23,31.961741,35.914682,Park,Work,car,44.58,6538.5,568,Monday,5,25-34,M,cloudy
1486,2025-08-09 21:23:17,31.982978,35.929543,Station,Market,car,51.65,12739.1,855,Saturday,21,25-34,F,cloudy
1487,2025-07-25 00:08:10,31.912449,35.990906,Home,Mall,walk,6.45,214.8,150,Friday,0,18-24,M,sunny
1488,2025-08-17 17:37:03,31.902176,35.964948,University,Station,car,41.36,18304.9,1627,Sunday,17,25-34,F,cloudy
1489,2025-07-18 07:04:01,31.90923,35.917263,Home,Home,walk,4.26,1448.2,1245,Friday,7,25-34,F,sunny
1490,2025-06-20 11:12:45,31.992878,35.897072,Market,Airport,walk,6.02,1550.2,922,Friday,11,25-34,M,sunny
1491,2025-09-02 23:00:21,31.938444,35.935189,Park,Park,scooter,23.96,9085.4,1340,Tuesday,23,25-34,F,sunny
1492,2025-07-18 09:15:13,32.031746,35.938596,Home,Market,taxi,45.69,3854.5,350,Friday,9,25-34,F,sunny
1493,2025-09-14 11:43:51,31.938073,35.959886,Market,Park,walk,5.16,579.5,390,Sunday,11,25-34,F,cloudy
1494,2025-07-11 08:45:54,31.960537,35.92894,Hospital,University,walk,4.79,211.2,115,Friday,8,25-34,M,cloudy
1495,2025-09-12 20:35:04,32.001263,35.960345,Home,Airport,car,52.1,4670.4,348,Friday,20,35-44,M,sunny
1496,2025-09-09 23:11:56,32.015183,36.003055,Park,Cafe,car,36.26,20483.4,2066,Tuesday,23,<18,M,cloudy
1497,2025-06-23 09:48:52,32.016845,35.969465,University,Station,walk,4.21,1707.2,1441,Monday,9,25-34,F,windy
1498,2025-08-13 00:45:09,31.991251,35.943557,Hospital,Work,car,37.64,26058.0,2544,Wednesday,0,18-24,F,sunny
1499,2025-07-19 08:28:39,31.985722,35.939505,Airport,Station,walk,4.04,1094.2,976,Saturday,8,18-24,F,sunny
1500,2025-08-27 18:05:34,31.972776,35.9343,Station,Park,bus,36.38,8999.2,889,Wednesday,18,25-34,M,sunny
1501,2025-08-16 19:15:08,31.978351,35.980419,Market,Cafe,car,41.33,22315.4,1940,Saturday,19,45-54,M,sunny
1502,2025-09-10 09:45:02,31.938464,35.926181,Hospital,Airport,car,21.89,3745.0,600,Wednesday,9,45-54,F,sunny
1503,2025-06-29 12:07:45,31.930454,35.946357,Park,Mall,car,44.29,13444.6,1131,Sunday,12,18-24,F,sunny
1504,2025-08-10 08:04:58,31.954899,35.946536,Hospital,Work,scooter,18.98,9419.3,1765,Sunday,8,25-34,F,sunny
1505,2025-08-25 23:21:33,31.949894,35.929946,Station,Hospital,taxi,40.14,9353.3,840,Monday,23,25-34,F,hot
1506,2025-06-19 18:53:28,31.941403,35.903826,Airport,Park,walk,5.3,1602.5,1098,Thursday,18,18-24,F,cloudy
1507,2025-06-22 16:56:58,31.975892,35.954689,Market,University,walk,4.42,1591.3,1249,Sunday,16,35-44,F,sunny
1508,2025-08-25 17:19:07,31.983659,35.94317,Park,Airport,car,33.31,13575.7,1429,Monday,17,35-44,F,sunny
1509,2025-07-19 14:59:42,31.957652,35.960007,Station,Airport,walk,5.69,1492.2,966,Saturday,14,45-54,M,sunny
1510,2025-07-21 02:41:27,31.999326,35.928992,Market,Home,car,28.69,4627.1,597,Monday,2,<18,F,sunny
1511,2025-08-06 16:58:26,31.920749,35.981625,University,Work,car,30.93,12015.8,1348,Wednesday,16,18-24,F,sunny
1512,2025-08-10 02:43:49,31.94919,35.918697,Market,Work,car,32.75,23139.9,2590,Sunday,2,35-44,M,sunny
1513,2025-08-16 18:29:58,31.933495,35.996361,Station,Cafe,car,49.55,1182.3,60,Saturday,18,35-44,M,sunny
1514,2025-09-10 01:11:03,31.899004,35.892571,Mall,Market,car,52.55,5122.2,399,Wednesday,1,45-54,M,sunny
1515,2025-07-20 03:16:27,31.95252,35.958043,Mall,Hospital,taxi,32.67,5246.4,623,Sunday,3,18-24,M,sunny
1516,2025-08-24 07:59:16,31.951348,35.959263,Hospital,Mall,walk,3.93,879.6,762,Sunday,7,25-34,M,rain
1517,2025-08-07 07:23:47,32.000403,35.921133,Home,Work,car,41.21,23843.9,2136,Thursday,7,25-34,M,sunny
1518,2025-08-03 07:21:31,31.973924,35.957732,University,University,walk,4.75,1191.1,910,Sunday,7,<18,M,sunny
1519,2025-07-22 11:28:44,31.924274,35.983386,Market,Home,walk,5.98,1125.7,642,Tuesday,11,25-34,M,sunny
1520,2025-08-14 02:46:36,32.010623,35.878495,Station,Work,car,44.89,10376.4,805,Thursday,2,25-34,F,hot
1521,2025-07-09 02:53:12,31.991631,35.960082,Work,Market,walk,7.07,861.2,471,Wednesday,2,18-24,M,rain
1522,2025-06-26 20:46:28,31.972463,35.870202,University,Home,walk,1.39,1866.7,4887,Thursday,20,18-24,M,sunny
1523,2025-08-21 20:46:59,31.948205,35.91603,Mall,Park,walk,3.98,1212.6,1116,Thursday,20,25-34,M,windy
1524,2025-07-31 13:39:37,31.926217,35.993875,Airport,University,car,48.01,20972.0,1521,Thursday,13,25-34,M,sunny
1525,2025-07-21 11:37:05,31.943834,35.927547,Work,Work,car,36.29,27260.9,2737,Monday,11,45-54,M,hot
1526,2025-08-06 04:56:18,31.987662,35.909784,Home,Mall,walk,3.87,1177.6,1044,Wednesday,4,25-34,F,sunny
1527,2025-07-10 05:09:47,32.011538,35.939062,Market,Work,car,36.13,16028.6,1651,Thursday,5,18-24,F,sunny
1528,2025-07-10 01:57:05,32.001297,36.007037,Work,Park,walk,4.65,1140.6,825,Thursday,1,55+,M,cloudy
1529,2025-07-26 19:40:31,31.940335,35.89005,Station,Home,car,51.5,2991.9,257,Saturday,19,45-54,F,sunny
1530,2025-09-14 07:52:27,31.921411,35.913461,Park,Hospital,car,25.4,5209.1,742,Sunday,7,<18,M,cloudy
1531,2025-07-12 08:34:17,31.959227,35.989923,Park,Mall,car,32.93,26546.4,2922,Saturday,8,35-44,F,sunny
1532,2025-09-07 03:19:11,31.901947,36.000731,Hospital,Park,taxi,40.75,5122.2,395,Sunday,3,18-24,F,cloudy
1533,2025-07-30 20:43:04,31.964695,35.941897,Work,Work,taxi,29.99,12593.8,1555,Wednesday,20,<18,M,sunny
1534,2025-06-27 16:37:20,31.950572,35.907828,Mall,Park,walk,6.92,1553.3,822,Friday,16,18-24,F,sunny
1535,2025-09-01 09:49:49,31.941019,36.007875,Hospital,Airport,bus,44.27,21197.3,1737,Monday,9,18-24,F,windy
1536,2025-07-27 08:08:15,31.907159,35.992833,Park,Hospital,walk,4.99,1226.5,875,Sunday,8,35-44,F,rain
1537,2025-09-05 12:52:20,31.970408,35.965368,Home,Station,taxi,45.76,18852.8,1521,Friday,12,35-44,F,hot
1538,2025-07-26 17:09:56,31.939019,35.920628,Work,Market,bike,19.2,6419.1,1218,Saturday,17,55+,F,cloudy
1539,2025-06-24 13:21:12,31.919902,35.943529,Home,Airport,car,38.59,17736.4,1621,Tuesday,13,35-44,M,cloudy
1540,2025-08-17 00:41:33,31.868832,35.940189,Home,Park,walk,5.62,263.9,225,Sunday,0,25-34,F,sunny
1541,2025-08-31 18:03:04,31.954175,35.954926,Work,Market,walk,3.67,1687.0,1598,Sunday,18,35-44,F,sunny
1542,2025-07-15 10:02:06,32.008168,35.98853,Mall,Mall,car,22.19,15888.4,2587,Tuesday,10,55+,F,sunny
1543,2025-07-17 22:09:51,32.004838,35.971383,Work,Cafe,taxi,49.26,7505.1,521,Thursday,22,35-44,F,sunny
1544,2025-06-22 11:59:38,31.941287,35.912679,Cafe,Airport,car,39.18,1914.1,184,Sunday,11,35-44,M,rain
1545,2025-08-04 10:48:56,31.936934,35.986295,Mall,Mall,car,57.47,14179.4,942,Monday,10,45-54,M,sunny
1546,2025-09-04 21:00:07,31.969063,35.954394,Cafe,Park,bus,25.45,19479.2,2764,Thursday,21,18-24,M,windy
1547,2025-09-01 06:40:03,31.925048,35.965612,Market,Hospital,bike,11.46,6139.2,1928,Monday,6,35-44,M,sunny
1548,2025-08-19 17:13:59,31.964054,35.988996,Cafe,Work,walk,5.98,390.9,258,Tuesday,17,45-54,M,cloudy
1549,2025-09-08 02:44:46,31.977982,35.911653,Park,Market,walk,6.98,1673.9,902,Monday,2,55+,F,sunny
1550,2025-08-13 01:09:27,31.991808,35.943925,Station,Cafe,car,29.0,23954.4,2932,Wednesday,1,18-24,F,sunny
1551,2025-08-27 02:06:35,31.951995,35.929056,Work,Home,walk,3.97,332.4,287,Wednesday,2,25-34,F,windy
1552,2025-08-01 10:38:16,31.94889,35.897964,Cafe,Park,walk,6.63,512.0,268,Friday,10,35-44,M,sunny
1553,2025-06-27 13:52:06,31.928661,35.955401,Hospital,Mall,walk,7.53,1450.2,661,Friday,13,18-24,F,sunny
1554,2025-07-04 17:50:35,31.930194,36.020347,Cafe,Home,walk,5.63,1323.3,900,Friday,17,25-34,F,sunny
1555,2025-06-29 03:41:58,31.948206,35.889798,Work,Market,scooter,16.75,2204.6,511,Sunday,3,18-24,F,sunny
1556,2025-08-26 18:55:52,31.966021,35.944032,Hospital,Park,walk,6.5,488.7,285,Tuesday,18,25-34,M,sunny
1557,2025-06-19 00:29:56,31.982408,35.964216,University,Home,car,37.28,19218.1,1888,Thursday,0,25-34,M,cloudy
1558,2025-08-05 12:24:42,31.930905,35.948692,Hospital,Park,car,33.78,26939.9,2920,Tuesday,12,25-34,F,sunny
1559,2025-07-19 20:34:25,31.999781,35.941606,Hospital,Airport,car,35.09,4888.4,478,Saturday,20,25-34,M,sunny
1560,2025-08-27 23:38:05,31.946866,35.906024,Mall,Home,walk,5.81,466.8,246,Wednesday,23,25-34,F,sunny
1561,2025-08-05 07:16:58,31.954359,35.951984,Cafe,Cafe,car,40.49,6292.6,558,Tuesday,7,18-24,F,rain
1562,2025-08-10 17:32:02,31.932584,35.922297,Cafe,Station,walk,5.56,1697.4,1103,Sunday,17,18-24,F,cloudy
1563,2025-06-24 09:57:03,31.882273,35.879302,Airport,Market,car,48.47,8559.6,640,Tuesday,9,<18,F,sunny
1564,2025-07-14 11:47:36,31.981521,35.980838,Hospital,Park,walk,4.73,847.1,595,Monday,11,18-24,F,sunny
1565,2025-09-14 14:51:03,31.977105,35.973752,Station,Home,car,49.83,26194.0,1882,Sunday,14,25-34,F,sunny
1566,2025-08-20 08:29:02,31.94656,35.94655,Mall,Hospital,car,40.12,17656.3,1570,Wednesday,8,35-44,M,cloudy
1567,2025-08-02 23:13:41,31.95701,35.951872,Mall,Home,car,35.23,29293.4,2997,Saturday,23,18-24,M,cloudy
1568,2025-08-24 21:07:15,31.970478,35.97723,Mall,Airport,car,26.26,18625.4,2494,Sunday,21,18-24,M,windy
1569,2025-08-29 18:08:19,31.908124,35.95173,Cafe,Mall,car,37.37,16428.2,1606,Friday,18,35-44,M,sunny
1570,2025-06-23 07:01:37,31.939128,35.972121,Airport,Home,bus,41.79,18300.3,1546,Monday,7,25-34,M,sunny
1571,2025-09-12 04:03:56,31.978828,35.936076,Home,Station,walk,5.95,1064.0,691,Friday,4,55+,M,sunny
1572,2025-08-13 11:10:36,31.917371,35.98436,Work,Cafe,car,44.57,14945.2,1250,Wednesday,11,35-44,F,sunny
1573,2025-07-27 03:40:13,31.963807,35.954624,University,Market,bus,21.79,37691.4,6245,Sunday,3,25-34,M,sunny
1574,2025-08-16 20:45:39,31.914303,35.950822,University,Park,car,34.92,10166.3,1075,Saturday,20,18-24,M,sunny
1575,2025-07-17 15:52:38,31.968993,35.906898,Work,Park,bike,16.92,6431.9,1329,Thursday,15,25-34,F,cloudy
1576,2025-09-03 16:07:10,31.953931,35.953609,Mall,Park,car,48.93,28166.3,2108,Wednesday,16,18-24,F,sunny
1577,2025-08-25 21:05:36,31.906546,35.920041,Market,Work,walk,5.98,418.6,256,Monday,21,18-24,F,rain
1578,2025-08-13 05:40:49,31.989942,35.925852,Work,Airport,walk,5.3,1290.8,833,Wednesday,5,18-24,F,sunny
1579,2025-07-03 00:45:57,31.932962,35.920539,Home,Hospital,walk,4.1,1507.4,1320,Thursday,0,35-44,M,windy
1580,2025-09-11 14:51:25,31.930692,35.913013,Home,Market,walk,6.07,1579.1,896,Thursday,14,25-34,M,hot
1581,2025-07-25 14:10:51,31.961017,36.008743,Hospital,Market,car,34.86,20766.6,2106,Friday,14,<18,M,windy
1582,2025-09-06 14:51:50,31.989459,35.98494,Hospital,Park,bus,37.28,13561.6,1321,Saturday,14,35-44,M,cloudy
1583,2025-06-21 15:25:02,31.924525,36.002611,Hospital,Airport,walk,4.69,1235.3,960,Saturday,15,25-34,M,rain
1584,2025-06-27 19:54:48,31.95685,35.908313,Hospital,Mall,taxi,56.84,13059.4,851,Friday,19,25-34,F,sunny
1585,2025-06-30 10:14:20,31.967864,35.947138,Market,Market,taxi,36.39,3249.5,372,Monday,10,18-24,M,sunny
1586,2025-07-01 11:23:05,31.975793,35.906195,Market,Home,taxi,36.21,18924.1,1839,Tuesday,11,25-34,M,cloudy
1587,2025-07-15 16:40:21,31.960293,35.924129,Airport,Station,bus,29.42,30033.4,3709,Tuesday,16,55+,M,cloudy
1588,2025-08-19 11:52:58,31.943989,35.917456,University,Airport,car,32.62,5573.5,648,Tuesday,11,18-24,F,hot
1589,2025-07-17 19:08:07,31.930172,35.982188,Cafe,Park,walk,3.92,858.2,789,Thursday,19,18-24,M,sunny
1590,2025-09-09 08:04:41,31.957584,35.933113,Market,Market,car,32.32,7525.0,898,Tuesday,8,18-24,M,sunny
1591,2025-09-05 04:45:55,31.922836,35.977051,Park,Work,car,53.12,18719.3,1253,Friday,4,18-24,M,cloudy
1592,2025-08-31 18:56:32,31.867359,35.963124,Home,University,bus,23.23,5084.9,733,Sunday,18,25-34,M,hot
1593,2025-07-09 05:01:58,31.968097,36.014109,Cafe,University,taxi,36.29,28102.4,2755,Wednesday,5,35-44,M,sunny
1594,2025-08-12 19:26:55,31.982118,35.900617,Home,Hospital,car,62.28,9389.8,579,Tuesday,19,45-54,M,sunny
1595,2025-08-05 05:32:34,31.884112,35.982777,Hospital,Market,car,49.44,7423.5,542,Tuesday,5,18-24,M,sunny
1596,2025-06-27 22:05:36,31.924708,35.979393,Market,Cafe,walk,6.11,1816.1,1039,Friday,22,25-34,F,sunny
1597,2025-07-13 21:49:36,31.973575,35.915799,Cafe,Mall,walk,7.43,377.1,130,Sunday,21,25-34,M,sunny
1598,2025-08-03 16:02:17,32.016725,35.975214,Mall,Work,car,39.0,8476.3,755,Sunday,16,25-34,F,sunny
1599,2025-07-31 21:17:00,31.955624,35.955084,Airport,Home,car,22.73,15491.1,2440,Thursday,21,25-34,M,rain
1600,2025-07-01 19:58:44,31.93316,35.938176,Park,Airport,bus,36.57,16212.2,1564,Tuesday,19,18-24,M,sunny
1601,2025-09-09 09:35:47,31.949513,35.920282,Park,Home,car,37.95,1133.7,52,Tuesday,9,25-34,M,sunny
1602,2025-06-30 12:47:06,31.996246,35.923427,University,Market,scooter,31.2,6672.0,794,Monday,12,25-34,M,cloudy
1603,2025-08-14 22:35:18,31.935621,36.006494,Hospital,Station,car,21.68,3730.3,585,Thursday,22,35-44,M,windy
1604,2025-08-20 12:17:32,31.931024,35.94502,Park,University,bus,22.79,10374.0,1644,Wednesday,12,35-44,M,hot
1605,2025-08-10 02:49:32,31.940518,35.968464,Station,Market,walk,4.34,363.8,357,Sunday,2,18-24,F,sunny
1606,2025-08-31 11:35:25,31.9264,35.921273,Station,Airport,bus,29.35,5003.2,654,Sunday,11,18-24,F,windy
1607,2025-08-06 09:08:25,31.95868,35.921604,Work,Market,car,27.4,15458.2,2017,Wednesday,9,45-54,F,sunny
1608,2025-08-29 22:14:09,32.00374,35.97746,Park,Cafe,walk,5.43,803.1,521,Friday,22,25-34,M,cloudy
1609,2025-06-19 05:00:44,31.964692,35.904513,Cafe,Cafe,walk,4.28,970.7,816,Thursday,5,45-54,F,cloudy
1610,2025-06-20 17:55:22,31.947429,35.932544,Market,University,scooter,25.08,7352.2,1112,Friday,17,18-24,M,sunny
1611,2025-08-13 09:15:56,31.946246,35.946021,Mall,Station,walk,6.67,1357.2,730,Wednesday,9,25-34,F,sunny
1612,2025-08-07 13:33:05,31.908104,35.948341,University,Airport,car,36.84,12905.3,1313,Thursday,13,25-34,M,sunny
1613,2025-08-14 06:09:58,31.981493,35.939627,Hospital,Park,car,45.21,20186.7,1552,Thursday,6,45-54,M,rain
1614,2025-08-24 16:21:25,31.952665,35.956875,Work,Mall,car,40.04,27244.9,2394,Sunday,16,18-24,F,sunny
1615,2025-07-24 03:33:10,31.949586,35.965786,Cafe,Market,bus,29.45,36529.1,4488,Thursday,3,18-24,F,cloudy
1616,2025-08-13 03:56:47,32.050793,35.967039,Home,Airport,car,26.74,10355.7,1375,Wednesday,3,25-34,M,sunny
1617,2025-07-31 11:29:15,31.963963,35.915426,Station,Station,car,38.77,3138.6,244,Thursday,11,45-54,M,sunny
1618,2025-08-12 02:23:59,31.932446,35.936475,Market,Park,taxi,49.02,26506.1,1976,Tuesday,2,45-54,M,hot
1619,2025-07-12 17:24:58,31.942209,35.980843,Work,Market,bus,33.07,39156.8,4268,Saturday,17,55+,F,cloudy
1620,2025-09-10 18:05:23,31.989453,35.971839,Cafe,Hospital,bus,22.97,6235.6,998,Wednesday,18,55+,M,windy
1621,2025-07-30 02:53:10,31.958398,35.903814,Hospital,Work,car,26.81,22606.1,3081,Wednesday,2,<18,F,sunny
1622,2025-08-28 01:51:07,31.911852,35.955544,Mall,University,walk,4.81,324.3,217,Thursday,1,<18,M,sunny
1623,2025-08-17 07:18:20,31.982577,35.885653,Market,Hospital,car,32.82,17023.1,1913,Sunday,7,18-24,M,sunny
1624,2025-07-13 10:10:57,31.934956,35.946408,Hospital,Market,car,33.85,26322.3,2833,Sunday,10,25-34,F,sunny
1625,2025-06-23 05:20:50,32.011199,36.001933,Airport,Home,walk,4.16,1170.4,985,Monday,5,35-44,M,sunny
1626,2025-06-22 01:08:15,31.987401,35.916563,Hospital,Station,bike,15.05,6481.4,1564,Sunday,1,45-54,M,cloudy
1627,2025-07-26 05:16:24,31.94158,35.91997,Hospital,Station,walk,5.71,1224.2,780,Saturday,5,18-24,M,sunny
1628,2025-07-30 05:42:28,31.99343,35.967921,Mall,Airport,car,32.48,16677.2,1860,Wednesday,5,25-34,F,sunny
1629,2025-07-05 00:24:54,31.957036,35.898716,Park,University,bus,23.67,38703.6,5848,Saturday,0,45-54,F,sunny
1630,2025-08-10 06:06:42,31.980583,35.926017,Airport,Park,walk,3.58,557.2,548,Sunday,6,25-34,F,sunny
1631,2025-07-14 18:54:13,31.969542,35.962893,University,Market,car,41.76,4575.6,417,Monday,18,18-24,F,cloudy
1632,2025-08-20 07:23:21,31.929609,35.925971,Work,Home,taxi,48.76,14552.1,1062,Wednesday,7,25-34,F,sunny
1633,2025-08-21 17:35:49,31.935694,35.937921,Cafe,Park,walk,4.87,1740.4,1272,Thursday,17,25-34,M,sunny
1634,2025-09-02 03:00:16,31.985899,35.967326,Cafe,University,car,45.98,8436.4,675,Tuesday,3,25-34,M,sunny
1635,2025-09-12 10:32:01,31.944957,35.957646,Home,Airport,taxi,51.65,27700.0,1953,Friday,10,25-34,F,windy
1636,2025-06-28 10:10:49,31.942891,35.953005,University,Work,taxi,42.4,15088.9,1335,Saturday,10,<18,F,windy
1637,2025-07-20 00:05:32,31.926346,35.934826,University,Park,walk,3.97,277.6,297,Sunday,0,55+,M,cloudy
1638,2025-08-06 04:53:31,31.967708,35.956102,University,Home,walk,3.85,631.4,539,Wednesday,4,25-34,M,sunny
1639,2025-07-15 09:00:57,32.016876,35.941288,University,Mall,walk,4.04,1977.3,1767,Tuesday,9,25-34,M,sunny
1640,2025-07-28 15:18:22,31.922974,35.958734,Mall,Station,car,58.3,5443.7,308,Monday,15,55+,M,cloudy
1641,2025-07-10 17:27:51,31.955727,35.930092,Park,Park,car,61.72,2611.8,140,Thursday,17,18-24,M,hot
1642,2025-07-08 23:13:49,31.997367,35.939523,Mall,Cafe,car,36.46,21793.0,2207,Tuesday,23,18-24,F,hot
1643,2025-06-25 08:50:19,31.952611,35.915301,Work,Home,car,51.07,17109.3,1174,Wednesday,8,35-44,M,rain
1644,2025-07-12 18:35:00,31.968571,35.94395,Airport,Mall,walk,6.57,656.3,365,Saturday,18,18-24,F,sunny
1645,2025-07-21 05:29:21,31.923128,35.92067,Home,Cafe,car,26.93,5217.1,688,Monday,5,35-44,F,windy
1646,2025-08-11 00:56:26,31.967849,35.911579,Mall,Hospital,car,57.58,20998.3,1297,Monday,0,18-24,F,cloudy
1647,2025-07-08 23:59:21,31.949386,35.95276,Work,Cafe,car,37.59,24713.3,2410,Tuesday,23,<18,M,rain
1648,2025-09-02 12:47:23,31.984572,35.951382,Airport,Hospital,car,37.11,20143.4,2005,Tuesday,12,25-34,M,sunny
1649,2025-07-01 00:40:36,31.990622,35.968486,Work,Home,car,28.52,12492.1,1560,Tuesday,0,18-24,M,sunny
1650,2025-07-16 02:59:12,32.032687,35.932066,Park,Airport,bike,20.52,5677.0,997,Wednesday,2,35-44,M,sunny
1651,2025-08-07 15:31:46,31.972389,35.957242,Work,University,walk,5.09,1941.6,1414,Thursday,15,25-34,M,sunny
1652,2025-07-14 19:11:23,31.964774,35.961524,Market,Home,bike,20.13,7667.7,1372,Monday,19,45-54,F,sunny
1653,2025-08-24 08:04:03,31.960832,35.958343,Work,University,walk,6.48,1132.2,682,Sunday,8,35-44,M,rain
1654,2025-07-31 11:58:44,31.944405,35.92023,Mall,Station,car,36.63,15840.9,1573,Thursday,11,18-24,F,sunny
1655,2025-08-01 23:31:52,31.965155,35.949481,Work,Mall,walk,5.13,1811.1,1210,Friday,23,35-44,F,sunny
1656,2025-07-31 13:02:47,31.946138,35.955924,Mall,Work,walk,4.24,1582.3,1347,Thursday,13,25-34,F,sunny
1657,2025-07-14 10:10:22,31.960054,35.945215,Airport,Work,car,34.75,11395.0,1232,Monday,10,35-44,F,sunny
1658,2025-06-18 17:47:10,31.994528,35.882406,Market,Market,car,44.42,7762.9,586,Wednesday,17,35-44,M,hot
1659,2025-09-09 17:25:42,31.924804,35.949815,Airport,Work,car,47.58,11578.7,872,Tuesday,17,25-34,F,sunny
1660,2025-08-01 03:29:08,31.989196,36.011376,Work,Home,car,22.45,17260.2,2728,Friday,3,25-34,M,sunny
1661,2025-09-11 15:46:07,31.994513,35.934199,University,Cafe,car,22.69,3766.7,566,Thursday,15,25-34,F,windy
1662,2025-07-06 00:26:14,31.951458,35.923158,Home,Home,taxi,35.01,26863.3,2711,Sunday,0,18-24,M,rain
1663,2025-07-18 09:58:44,31.891344,35.9562,Station,Park,walk,5.34,550.0,375,Friday,9,18-24,M,sunny
1664,2025-06-21 04:53:34,31.936765,35.954371,University,Hospital,car,53.25,1416.7,117,Saturday,4,25-34,M,cloudy
1665,2025-07-31 04:41:49,31.99391,35.980782,Market,Station,taxi,40.58,1633.1,119,Thursday,4,18-24,M,cloudy
1666,2025-09-04 01:34:43,31.954314,35.907264,Airport,Park,bus,28.03,39757.9,5073,Thursday,1,18-24,M,cloudy
1667,2025-08-14 12:55:38,31.925021,35.966941,Market,Station,walk,5.7,394.6,208,Thursday,12,<18,M,sunny
1668,2025-07-29 00:11:35,31.939857,35.962713,Park,Work,car,31.29,16662.7,1880,Tuesday,0,25-34,F,hot
1669,2025-08-03 22:58:39,31.980219,35.940736,Airport,Park,walk,5.1,1211.4,815,Sunday,22,25-34,M,sunny
1670,2025-08-31 21:37:04,31.971402,35.955161,Work,Hospital,car,38.7,3498.8,311,Sunday,21,35-44,M,sunny
1671,2025-07-25 10:31:46,31.947832,35.975884,Airport,Airport,car,41.59,27726.2,2416,Friday,10,25-34,M,sunny
1672,2025-09-04 01:49:47,31.943995,35.971169,University,Hospital,car,51.75,27582.1,1949,Thursday,1,25-34,M,sunny
1673,2025-08-21 03:08:34,31.943247,35.910709,Home,Cafe,car,23.94,23320.3,3550,Thursday,3,25-34,M,windy
1674,2025-08-24 09:39:22,31.927328,35.969605,Work,University,car,39.24,8664.3,749,Sunday,9,35-44,F,sunny
1675,2025-07-19 14:09:00,32.003461,35.943059,Cafe,Station,car,47.54,23743.6,1822,Saturday,14,25-34,M,sunny
1676,2025-07-22 16:58:54,31.94533,35.947186,University,Home,bus,34.06,12413.8,1281,Tuesday,16,55+,M,sunny
1677,2025-08-06 23:32:02,31.991515,35.947196,Hospital,Hospital,bus,17.76,20668.4,4182,Wednesday,23,45-54,M,sunny
1678,2025-07-04 04:10:51,32.000639,35.940493,Work,Mall,walk,2.92,418.0,558,Friday,4,35-44,M,windy
1679,2025-08-05 10:41:13,31.984949,35.980751,Work,Station,car,46.75,16419.6,1246,Tuesday,10,45-54,M,sunny
1680,2025-06-23 06:33:14,31.942051,35.942488,University,University,walk,1.43,1657.8,4205,Monday,6,25-34,F,cloudy
1681,2025-08-01 00:55:02,31.967112,35.911414,Park,Mall,car,24.32,20230.7,2948,Friday,0,25-34,M,cloudy
1682,2025-08-24 10:50:18,31.954274,35.933194,Airport,Airport,taxi,41.01,24122.1,2118,Sunday,10,35-44,M,cloudy
1683,2025-07-11 19:55:19,31.927889,35.950361,Hospital,Airport,bus,38.79,7583.6,729,Friday,19,35-44,F,cloudy
1684,2025-09-13 16:09:41,31.964731,35.981876,Market,Station,car,26.34,10915.9,1492,Saturday,16,45-54,M,sunny
1685,2025-08-16 21:23:11,31.919629,35.963093,Work,Mall,bike,20.15,6905.1,1234,Saturday,21,35-44,F,rain
1686,2025-06-27 08:21:26,31.99063,35.919484,Airport,Park,walk,5.77,1921.3,1164,Friday,8,55+,M,cloudy
1687,2025-09-12 09:54:15,31.941061,36.019556,Station,Work,car,68.47,13053.6,701,Friday,9,25-34,M,cloudy
1688,2025-07-22 02:33:27,31.961035,35.952943,Station,Mall,walk,4.44,236.8,152,Tuesday,2,35-44,F,hot
1689,2025-08-27 04:42:12,31.963499,35.983262,Market,Mall,car,53.78,24341.7,1651,Wednesday,4,35-44,M,rain
1690,2025-07-17 04:08:59,31.947233,35.940449,Mall,Cafe,walk,4.56,1795.5,1463,Thursday,4,35-44,F,rain
1691,2025-09-09 03:51:16,31.972601,35.961001,Hospital,Market,car,40.39,4115.3,358,Tuesday,3,25-34,M,windy
1692,2025-08-23 14:27:01,31.940753,35.970184,Station,Park,walk,4.22,481.4,352,Saturday,14,35-44,F,sunny
1693,2025-07-04 13:41:26,31.981139,35.981546,Home,Market,taxi,39.92,22997.8,2044,Friday,13,45-54,F,sunny
1694,2025-08-01 11:25:48,31.914621,35.976721,Market,Mall,car,49.44,2867.1,153,Friday,11,18-24,F,sunny
1695,2025-07-31 15:53:37,31.958791,35.971166,University,Mall,car,57.61,4868.8,260,Thursday,15,25-34,F,sunny
1696,2025-06-20 17:34:50,32.013168,35.935547,University,Home,walk,3.99,719.1,661,Friday,17,25-34,F,rain
1697,2025-06-28 23:43:26,31.92499,35.927848,Cafe,Cafe,car,41.87,29155.8,2521,Saturday,23,55+,M,cloudy
1698,2025-07-16 15:05:36,31.934668,35.954978,Home,Market,walk,4.35,1671.4,1343,Wednesday,15,25-34,M,cloudy
1699,2025-07-29 07:00:46,31.970417,35.972994,Hospital,Market,car,42.4,16029.3,1317,Tuesday,7,18-24,M,hot
1700,2025-07-27 18:49:14,31.960387,35.938318,Station,Home,bus,38.83,17437.7,1636,Sunday,18,25-34,M,sunny
1701,2025-08-10 05:14:53,31.965519,35.976955,Mall,University,car,35.4,2630.5,272,Sunday,5,35-44,F,cloudy
1702,2025-08-02 01:13:04,31.969676,35.988579,Hospital,Station,car,44.6,28488.9,2244,Saturday,1,18-24,M,sunny
1703,2025-07-16 04:07:54,31.974042,35.91751,Park,Work,car,31.04,21236.8,2517,Wednesday,4,25-34,M,sunny
1704,2025-08-10 19:57:09,31.988291,35.919892,Hospital,Home,scooter,25.98,8269.8,1158,Sunday,19,45-54,F,sunny
1705,2025-07-01 06:43:47,31.967295,35.940789,University,Park,taxi,47.93,24326.7,1785,Tuesday,6,45-54,M,rain
1706,2025-09-13 19:27:19,31.947762,35.954228,Cafe,Hospital,car,32.54,8231.3,857,Saturday,19,18-24,M,sunny
1707,2025-08-22 04:39:19,31.975177,35.929263,Station,University,car,32.32,26647.2,2929,Friday,4,55+,M,rain
1708,2025-07-13 14:04:18,32.011996,35.985566,Market,Airport,car,54.46,8313.0,522,Sunday,14,35-44,M,sunny
1709,2025-07-16 22:17:31,31.951021,35.957722,Station,Hospital,walk,7.52,1767.2,904,Wednesday,22,18-24,F,sunny
1710,2025-08-30 04:49:50,31.925764,35.946183,Airport,Home,car,32.94,16214.0,1735,Saturday,4,<18,M,sunny
1711,2025-08-03 13:34:46,31.988212,35.901923,University,University,car,49.51,9997.1,732,Sunday,13,18-24,M,sunny
1712,2025-08-19 10:36:12,31.951389,35.905526,Cafe,Airport,walk,4.61,250.9,186,Tuesday,10,35-44,F,hot
1713,2025-07-13 15:16:23,31.88982,35.95343,Airport,Mall,walk,6.74,158.5,100,Sunday,15,<18,M,sunny
1714,2025-08-29 01:44:34,31.980423,35.881022,Home,Cafe,car,37.21,17990.6,1752,Friday,1,18-24,F,hot
1715,2025-07-19 19:22:42,31.93894,35.975379,Mall,Hospital,bus,35.64,12885.7,1322,Saturday,19,35-44,F,hot
1716,2025-08-16 07:08:50,31.952284,35.940255,Hospital,Hospital,car,41.56,9086.3,729,Saturday,7,25-34,M,hot
1717,2025-09-12 20:18:19,31.964959,36.042293,Park,Home,car,20.01,22354.0,4073,Friday,20,35-44,M,sunny
1718,2025-08-08 04:31:19,31.960715,36.014237,Work,Hospital,car,31.69,19610.8,2259,Friday,4,35-44,M,windy
1719,2025-08-27 08:42:57,31.976284,35.939557,Work,Mall,car,46.86,27766.5,2166,Wednesday,8,18-24,F,sunny
1720,2025-08-20 22:25:33,31.941935,35.94181,Market,Market,car,45.55,13497.2,1090,Wednesday,22,45-54,M,sunny
1721,2025-08-17 13:53:59,31.970393,35.974867,Cafe,University,car,42.86,24690.1,2118,Sunday,13,18-24,M,sunny
1722,2025-06-19 01:17:00,31.947214,35.996095,Home,Hospital,walk,7.17,1005.9,481,Thursday,1,25-34,F,windy
1723,2025-07-29 08:50:25,31.977164,35.895859,University,University,car,48.74,2948.1,167,Tuesday,8,25-34,M,sunny
1724,2025-09-11 16:35:53,31.973461,35.891409,Park,Airport,bike,17.21,2037.2,393,Thursday,16,18-24,M,sunny
1725,2025-08-26 02:47:53,31.926937,35.926339,Market,Airport,car,19.89,2287.3,410,Tuesday,2,55+,F,sunny
1726,2025-08-25 12:14:07,31.987579,35.962482,Home,Hospital,taxi,49.29,11704.9,871,Monday,12,25-34,M,sunny
1727,2025-08-07 15:24:57,31.938921,35.959906,Mall,Hospital,walk,3.22,429.0,479,Thursday,15,18-24,F,sunny
1728,2025-08-20 13:56:59,31.979242,35.977093,University,Airport,car,39.94,15744.1,1470,Wednesday,13,45-54,F,rain
1729,2025-08-08 04:08:08,31.966019,35.909009,Work,Park,car,25.27,18034.3,2570,Friday,4,25-34,M,sunny
1730,2025-07-02 00:01:53,32.010146,35.875516,Mall,Airport,bus,33.89,36212.9,3807,Wednesday,0,35-44,F,windy
1731,2025-08-12 06:25:12,31.948296,35.97074,Market,Park,car,51.51,27890.9,1917,Tuesday,6,25-34,M,cloudy
1732,2025-08-11 10:21:17,31.94452,35.920154,Cafe,Work,car,39.14,3679.4,384,Monday,10,35-44,F,hot
1733,2025-08-31 08:38:47,31.954417,35.884445,Airport,Mall,bus,29.57,24347.9,2956,Sunday,8,<18,M,sunny
1734,2025-06-29 22:55:15,31.945905,35.949352,Cafe,Mall,car,30.83,13350.6,1574,Sunday,22,18-24,M,cloudy
1735,2025-08-16 22:05:44,31.978998,35.968795,University,University,car,51.31,1060.4,32,Saturday,22,25-34,M,sunny
1736,2025-06-19 11:55:04,31.906511,35.941338,Mall,Cafe,car,26.07,29074.1,4055,Thursday,11,18-24,M,sunny
1737,2025-09-09 23:50:55,31.92339,35.931265,Hospital,Home,bus,31.25,6142.6,721,Tuesday,23,35-44,F,rain
1738,2025-06-26 13:05:59,31.922966,35.940219,Cafe,University,walk,4.88,552.4,452,Thursday,13,25-34,F,cloudy
1739,2025-06-18 08:37:48,31.983509,35.933883,Station,Hospital,car,43.81,11519.3,984,Wednesday,8,18-24,F,rain
1740,2025-07-14 21:18:04,32.006318,35.904559,Mall,Station,car,48.18,28791.0,2114,Monday,21,<18,M,cloudy
1741,2025-06-30 06:49:01,31.951867,35.92356,Market,Airport,car,38.43,17626.5,1670,Monday,6,35-44,M,sunny
1742,2025-08-17 19:12:21,31.949935,35.960638,Cafe,Station,car,49.37,29058.1,2142,Sunday,19,35-44,F,cloudy
1743,2025-07-23 14:08:26,31.957102,35.95465,Airport,Work,car,39.64,25573.2,2327,Wednesday,14,25-34,M,sunny
1744,2025-08-25 09:39:56,31.989856,35.950042,Market,Work,walk,5.41,673.8,421,Monday,9,25-34,F,sunny
1745,2025-09-07 12:03:02,31.927179,35.915146,Airport,Market,car,29.24,7066.4,831,Sunday,12,18-24,F,cloudy
1746,2025-09-03 05:00:42,31.962151,35.939555,Hospital,Work,car,35.89,20049.3,2043,Wednesday,5,25-34,M,hot
1747,2025-08-21 21:08:02,31.984256,35.879688,Station,University,scooter,12.13,4327.6,1311,Thursday,21,<18,F,sunny
1748,2025-06-22 06:15:11,31.970033,35.950354,Hospital,Airport,bike,15.19,3298.9,764,Sunday,6,25-34,F,sunny
1749,2025-06-29 01:59:01,31.960687,35.987866,Station,Home,bus,36.05,15020.1,1557,Sunday,1,25-34,F,sunny
1750,2025-07-05 07:35:01,31.985031,35.900776,Home,University,car,37.95,20369.1,1930,Saturday,7,45-54,M,sunny
1751,2025-07-15 21:49:57,31.873903,35.927422,Work,Airport,walk,4.89,1391.8,1040,Tuesday,21,25-34,M,rain
1752,2025-08-15 06:08:07,31.975336,35.954873,Airport,Cafe,car,44.0,9581.8,798,Friday,6,35-44,M,rain
1753,2025-08-02 22:45:22,31.935378,35.982585,Home,Cafe,walk,5.61,1960.6,1206,Saturday,22,25-34,M,cloudy
1754,2025-07-14 21:25:52,31.900081,35.931553,Mall,Park,taxi,23.91,14140.9,2098,Monday,21,45-54,M,rain
1755,2025-07-02 05:47:58,31.970336,35.924232,Station,Airport,bus,25.28,26445.5,3753,Wednesday,5,25-34,F,sunny
1756,2025-09-06 17:54:49,31.99621,35.885932,Hospital,Home,bike,10.56,4385.3,1483,Saturday,17,25-34,F,sunny
1757,2025-07-17 11:09:06,31.950877,35.948103,Home,Hospital,bike,13.84,5136.3,1292,Thursday,11,45-54,M,sunny
1758,2025-07-18 12:59:07,31.983586,36.006262,Hospital,Station,car,55.69,3539.6,181,Friday,12,<18,M,rain
1759,2025-08-25 03:13:24,32.003368,35.953321,Station,Park,car,47.72,27001.4,1978,Monday,3,18-24,F,cloudy
1760,2025-08-20 12:55:21,31.994447,35.944332,Hospital,Market,car,39.92,10784.0,937,Wednesday,12,18-24,M,cloudy
1761,2025-08-13 13:16:23,32.004199,35.954662,University,Cafe,car,58.91,10860.3,669,Wednesday,13,35-44,F,sunny
1762,2025-08-18 01:16:56,31.977264,35.944667,University,Hospital,car,43.01,2881.5,291,Monday,1,<18,F,sunny
1763,2025-08-10 13:29:27,31.957263,35.92061,Airport,Hospital,walk,8.02,111.1,105,Sunday,13,45-54,F,windy
1764,2025-07-03 23:00:58,31.906941,35.969698,Hospital,Station,bus,31.08,5631.9,656,Thursday,23,25-34,F,sunny
1765,2025-07-08 20:12:24,31.947618,35.951773,Mall,Market,bus,25.24,22559.9,3244,Tuesday,20,<18,F,cloudy
1766,2025-08-05 21:11:33,31.929703,35.945528,University,Mall,car,28.55,9521.4,1193,Tuesday,21,25-34,M,sunny
1767,2025-07-06 21:26:18,32.020128,35.915739,Mall,Station,bus,35.24,7511.9,812,Sunday,21,18-24,M,sunny
1768,2025-09-12 05:12:44,31.949723,35.984105,Market,Airport,walk,4.52,1041.4,788,Friday,5,25-34,M,cloudy
1769,2025-07-13 10:34:22,31.958696,35.964941,Park,University,walk,5.16,1462.7,1037,Sunday,10,35-44,M,sunny
1770,2025-07-12 15:58:28,31.971545,35.928412,Station,University,car,44.81,13505.9,1037,Saturday,15,25-34,F,cloudy
1771,2025-07-05 07:26:44,31.956308,35.975055,Station,Station,car,31.63,14402.6,1601,Saturday,7,<18,M,cloudy
1772,2025-08-19 02:30:00,32.005852,35.930073,Mall,Park,car,42.83,27544.5,2315,Tuesday,2,35-44,F,sunny
1773,2025-07-15 04:32:00,31.936321,35.92154,Work,University,bus,28.49,19521.9,2521,Tuesday,4,35-44,M,cloudy
1774,2025-07-18 01:08:25,31.960838,35.922209,Mall,University,taxi,25.71,24512.1,3450,Friday,1,35-44,M,sunny
1775,2025-09-08 16:31:06,31.932726,35.891868,Station,Mall,car,45.37,11598.2,936,Monday,16,35-44,F,sunny
1776,2025-08-27 05:48:04,31.915399,35.959146,Park,Cafe,bus,35.38,4737.4,426,Wednesday,5,18-24,M,cloudy
1777,2025-07-11 06:23:37,31.936647,35.890066,University,Airport,walk,6.6,1435.2,834,Friday,6,45-54,F,sunny
1778,2025-06-27 14:58:25,31.953889,35.908147,Mall,Home,walk,3.66,1933.5,1941,Friday,14,25-34,F,sunny
1779,2025-08-16 13:13:46,31.942121,35.882732,Hospital,Airport,car,61.28,16636.5,985,Saturday,13,<18,M,windy
1780,2025-07-20 19:51:53,31.934227,35.942418,Work,Hospital,car,32.55,5367.9,597,Sunday,19,35-44,M,sunny
1781,2025-09-12 20:52:20,31.91281,35.94049,Station,Cafe,car,62.08,28571.7,1692,Friday,20,45-54,M,rain
1782,2025-08-29 07:25:15,31.952507,35.935199,Mall,Hospital,car,20.89,11629.6,1959,Friday,7,35-44,F,rain
1783,2025-09-10 13:40:50,31.909858,35.913723,Mall,Station,car,40.34,8031.6,667,Wednesday,13,18-24,F,sunny
1784,2025-08-28 01:41:44,31.977802,35.909833,Hospital,Cafe,walk,5.46,464.2,307,Thursday,1,18-24,M,sunny
1785,2025-07-12 19:06:11,31.957473,35.958931,Market,Market,car,38.52,1635.9,176,Saturday,19,25-34,F,sunny
1786,2025-07-12 13:00:25,31.911273,35.928483,University,Home,walk,3.64,945.6,891,Saturday,13,45-54,M,sunny
1787,2025-08-19 22:16:14,31.945724,35.954491,Park,Market,walk,4.44,998.9,864,Tuesday,22,18-24,F,rain
1788,2025-07-17 19:52:14,31.932435,35.918443,University,Hospital,car,43.21,9300.5,791,Thursday,19,35-44,F,cloudy
1789,2025-07-26 11:15:28,31.964575,35.950432,Hospital,Hospital,walk,7.78,1076.7,507,Saturday,11,18-24,F,sunny
1790,2025-07-09 17:38:40,31.995214,35.984098,Station,Home,bus,21.31,33549.3,5712,Wednesday,17,35-44,F,cloudy
1791,2025-07-29 18:32:12,31.898745,35.962585,Hospital,Hospital,walk,4.28,1605.0,1290,Tuesday,18,45-54,M,hot
1792,2025-07-04 20:11:32,31.958451,35.932628,Airport,Market,walk,3.42,1103.3,1215,Friday,20,25-34,F,sunny
1793,2025-08-04 03:03:13,31.950196,35.952716,Home,Station,car,36.11,22848.2,2337,Monday,3,25-34,M,cloudy
1794,2025-09-08 15:03:26,31.97514,35.93778,Market,Cafe,car,39.19,29193.3,2720,Monday,15,35-44,F,cloudy
1795,2025-08-18 07:27:19,31.961396,35.945236,Home,Cafe,walk,6.21,1082.1,653,Monday,7,25-34,M,sunny
1796,2025-06-29 00:14:06,31.932441,35.935232,Station,Station,walk,5.41,540.2,382,Sunday,0,35-44,F,sunny
1797,2025-08-11 01:35:16,31.945428,35.94007,Park,Home,taxi,55.12,21145.8,1376,Monday,1,25-34,F,cloudy
1798,2025-08-08 11:16:45,31.931119,35.951363,University,Cafe,car,39.63,29650.6,2699,Friday,11,18-24,F,sunny
1799,2025-07-08 11:26:05,31.98728,35.915199,Work,Home,car,12.59,9315.5,2656,Tuesday,11,35-44,M,sunny
1800,2025-08-15 22:34:00,31.955639,35.914524,Airport,Park,car,43.88,14829.0,1203,Friday,22,18-24,F,cloudy
1801,2025-08-03 10:46:30,32.012036,35.903344,Market,Park,bike,9.96,2172.9,836,Sunday,10,45-54,F,cloudy
1802,2025-08-13 01:41:08,31.95318,35.896992,Home,Airport,car,49.75,9018.2,597,Wednesday,1,18-24,F,sunny
1803,2025-06-21 09:06:22,31.933748,35.908482,Mall,Airport,car,39.64,2662.4,270,Saturday,9,35-44,M,sunny
1804,2025-07-23 20:27:23,31.909589,35.949784,Airport,Cafe,bus,24.85,29302.0,4251,Wednesday,20,18-24,M,sunny
1805,2025-08-20 05:13:08,31.900906,35.918216,University,Park,walk,3.56,1135.2,1141,Wednesday,5,25-34,M,sunny
1806,2025-06-25 16:54:09,31.907476,35.960408,Airport,Park,bus,25.91,39002.9,5388,Wednesday,16,25-34,M,sunny
1807,2025-08-25 00:34:48,31.963014,35.946041,Station,Hospital,walk,4.9,1576.1,1217,Monday,0,35-44,M,sunny
1808,2025-06-17 02:55:02,31.970262,35.885945,Mall,Market,walk,7.32,1501.2,780,Tuesday,2,25-34,M,sunny
1809,2025-08-05 04:29:13,31.907564,35.964649,Park,Hospital,walk,4.8,1731.9,1299,Tuesday,4,45-54,M,sunny
1810,2025-09-08 06:34:51,31.981851,35.969324,Mall,Hospital,walk,5.26,671.9,500,Monday,6,25-34,M,sunny
1811,2025-07-23 06:38:44,31.940508,35.915184,Park,Airport,scooter,19.45,9305.1,1760,Wednesday,6,35-44,M,sunny
1812,2025-09-08 19:23:41,31.959404,35.957606,Station,University,car,42.22,28949.9,2456,Monday,19,35-44,F,sunny
1813,2025-09-03 17:04:07,32.003367,35.919305,Park,Work,walk,5.19,1028.3,697,Wednesday,17,18-24,M,sunny
1814,2025-07-29 15:00:51,31.981905,35.94793,Mall,Cafe,taxi,39.82,16961.9,1548,Tuesday,15,25-34,M,windy
1815,2025-07-04 14:33:01,31.946944,35.907065,Park,Cafe,bus,24.59,13513.7,2020,Friday,14,25-34,M,sunny
1816,2025-09-11 09:46:47,31.928264,35.891207,Cafe,Mall,bus,35.55,5709.9,612,Thursday,9,25-34,F,cloudy
1817,2025-07-15 13:26:52,31.890446,35.933515,Hospital,Airport,taxi,29.14,8464.7,1101,Tuesday,13,25-34,F,windy
1818,2025-08-13 18:51:54,31.933425,35.941288,Park,Home,walk,5.59,1787.4,1188,Wednesday,18,35-44,M,sunny
1819,2025-09-06 08:52:09,31.948666,35.93307,Mall,Cafe,bus,35.72,17107.5,1771,Saturday,8,18-24,M,rain
1820,2025-06-24 16:57:38,31.925385,35.909479,Hospital,Mall,car,21.42,3146.9,557,Tuesday,16,35-44,F,sunny
1821,2025-08-07 07:51:12,31.951062,35.933003,Hospital,Market,bus,20.62,36036.6,6304,Thursday,7,45-54,M,sunny
1822,2025-08-03 19:39:16,31.957306,35.953079,Mall,Work,bus,16.01,14329.1,3174,Sunday,19,25-34,M,sunny
1823,2025-08-20 17:39:35,31.948254,35.943653,Work,Mall,car,52.82,23009.7,1562,Wednesday,17,25-34,M,sunny
1824,2025-09-08 22:55:53,31.9355,35.950475,Station,Work,bus,25.62,32334.8,4500,Monday,22,18-24,M,sunny
1825,2025-09-06 20:18:06,31.96006,35.924897,University,Station,bike,18.66,4315.1,804,Saturday,20,45-54,F,sunny
1826,2025-07-02 09:51:55,31.968258,35.980152,University,Station,car,36.5,9053.7,893,Wednesday,9,18-24,M,cloudy
1827,2025-09-04 01:22:28,31.922288,35.909715,Hospital,University,walk,3.78,375.5,395,Thursday,1,25-34,F,windy
1828,2025-07-02 11:25:44,31.997328,35.959627,Station,University,taxi,32.76,6350.2,666,Wednesday,11,55+,F,sunny
1829,2025-09-07 10:08:12,31.952042,35.980457,Park,Home,bike,15.42,6803.7,1644,Sunday,10,25-34,M,sunny
1830,2025-09-14 09:36:59,31.955565,35.959427,Cafe,Mall,car,47.03,6323.6,533,Sunday,9,35-44,M,sunny
1831,2025-07-22 09:14:01,31.976246,35.938924,Market,Home,car,40.15,2947.8,214,Tuesday,9,25-34,M,sunny
1832,2025-07-31 05:45:17,31.961996,35.929151,Work,Work,taxi,49.35,5098.1,347,Thursday,5,18-24,M,cloudy
1833,2025-09-08 22:48:01,31.983594,35.976083,Home,Station,car,38.11,9969.5,957,Monday,22,35-44,M,sunny
1834,2025-09-11 05:55:45,31.963614,35.902311,Station,Mall,bus,29.37,4277.4,576,Thursday,5,<18,F,sunny
1835,2025-09-07 23:58:16,31.936627,35.915896,Work,Station,bus,23.73,39786.0,6044,Sunday,23,35-44,M,cloudy
1836,2025-09-03 13:29:26,31.965845,35.933073,University,Park,car,31.17,7830.9,896,Wednesday,13,<18,F,rain
1837,2025-06-17 11:44:33,31.920688,35.98213,Market,Market,car,47.76,25921.4,1925,Tuesday,11,45-54,M,sunny
1838,2025-08-06 18:31:23,31.958257,35.956393,Park,Market,car,29.17,12224.6,1472,Wednesday,18,18-24,F,sunny
1839,2025-06-26 07:29:42,31.954003,35.915959,Market,Park,scooter,18.24,2371.7,408,Thursday,7,25-34,F,sunny
1840,2025-09-13 02:59:32,31.948756,35.935691,Market,Cafe,bus,36.63,14526.3,1457,Saturday,2,25-34,M,sunny
1841,2025-07-12 06:22:43,31.951144,35.92657,Park,Market,walk,3.09,1378.5,1641,Saturday,6,25-34,M,sunny
1842,2025-09-13 16:10:49,31.898545,35.923706,Market,Airport,bus,40.5,11003.6,1019,Saturday,16,25-34,M,sunny
1843,2025-08-04 13:15:16,31.938538,35.974367,Station,Station,car,30.0,14220.2,1646,Monday,13,25-34,M,windy
1844,2025-07-31 02:34:34,31.957785,35.903848,Home,Hospital,car,53.17,17174.6,1175,Thursday,2,25-34,M,sunny
1845,2025-09-09 03:00:58,31.959796,35.993263,Work,Station,bus,21.32,33765.9,5707,Tuesday,3,25-34,M,sunny
1846,2025-09-01 06:00:52,31.92417,35.969847,Station,Station,walk,5.93,1471.5,848,Monday,6,25-34,M,sunny
1847,2025-07-28 18:39:01,31.992971,35.977726,Work,Home,bus,25.41,7986.0,1137,Monday,18,25-34,F,sunny
1848,2025-07-04 00:11:53,31.929015,35.931112,Hospital,Hospital,car,59.88,16463.4,929,Friday,0,18-24,M,cloudy
1849,2025-06-26 19:02:33,31.984084,35.940502,Mall,Hospital,bus,27.97,17531.1,2244,Thursday,19,55+,M,sunny
1850,2025-07-01 06:42:47,31.967816,35.902005,Mall,Airport,walk,3.56,1467.9,1507,Tuesday,6,25-34,M,sunny
1851,2025-07-27 22:58:50,31.935613,35.92926,Home,University,car,44.92,10457.8,804,Sunday,22,18-24,M,sunny
1852,2025-07-09 19:25:03,32.008259,35.95981,Cafe,Station,bus,26.23,18871.6,2618,Wednesday,19,25-34,M,sunny
1853,2025-07-03 09:54:55,31.919191,35.983882,Station,University,walk,5.72,685.2,473,Thursday,9,45-54,F,sunny
1854,2025-08-21 22:49:12,31.982575,35.911785,Home,Cafe,walk,6.56,833.8,437,Thursday,22,<18,M,sunny
1855,2025-08-26 19:47:01,31.985017,35.934035,Home,Work,taxi,48.03,10646.1,789,Tuesday,19,35-44,M,sunny
1856,2025-08-06 18:07:58,31.934881,35.940461,Work,Station,bike,10.06,5942.7,2112,Wednesday,18,25-34,M,sunny
1857,2025-08-23 19:27:22,31.996774,35.903126,Cafe,Hospital,taxi,28.97,9997.8,1195,Saturday,19,18-24,M,sunny
1858,2025-07-02 10:47:40,31.947499,35.96274,Hospital,Hospital,walk,5.3,520.8,312,Wednesday,10,35-44,M,cloudy
1859,2025-09-01 17:00:07,31.963661,35.92328,University,Park,car,43.54,15696.1,1291,Monday,17,25-34,F,cloudy
1860,2025-09-05 09:20:16,31.96281,35.939138,Hospital,Station,bus,10.57,30671.9,10469,Friday,9,18-24,M,cloudy
1861,2025-08-30 02:01:24,31.950971,35.931442,Market,Airport,car,27.07,20870.2,2789,Saturday,2,35-44,M,rain
1862,2025-08-02 00:43:54,31.979324,35.92132,Market,Hospital,car,29.83,24360.0,2911,Saturday,0,25-34,F,sunny
1863,2025-06-24 11:04:44,31.978805,35.944789,Hospital,Cafe,car,53.87,26628.3,1752,Tuesday,11,45-54,M,rain
1864,2025-08-15 21:19:05,31.902544,35.938532,Hospital,Station,bus,24.54,31138.5,4616,Friday,21,25-34,M,sunny
1865,2025-07-03 06:51:10,31.99413,35.933844,Home,Airport,walk,5.83,1544.0,961,Thursday,6,35-44,F,sunny
1866,2025-06-29 07:26:49,31.905125,35.923146,Mall,Station,car,51.27,29403.3,2058,Sunday,7,35-44,M,sunny
1867,2025-07-15 18:42:18,31.985976,35.954586,Station,Hospital,walk,4.14,975.7,860,Tuesday,18,18-24,F,sunny
1868,2025-07-08 23:30:26,31.988801,35.994609,Market,Home,car,38.86,2346.6,203,Tuesday,23,35-44,M,hot
1869,2025-07-10 03:01:18,31.922271,35.949197,Cafe,University,bike,17.1,2822.2,612,Thursday,3,25-34,M,sunny
1870,2025-07-07 20:27:05,31.942676,35.974884,Hospital,Cafe,car,23.46,20876.5,3178,Monday,20,18-24,M,sunny
1871,2025-08-23 11:50:23,31.921829,35.903293,Park,Airport,car,36.93,27104.0,2669,Saturday,11,25-34,M,sunny
1872,2025-09-10 12:26:26,31.948552,35.949733,Work,Station,walk,6.49,251.7,129,Wednesday,12,18-24,M,sunny
1873,2025-07-13 19:55:42,31.945759,35.912079,University,Home,walk,5.39,711.8,511,Sunday,19,35-44,M,sunny
1874,2025-08-20 17:09:06,31.97839,35.900692,Airport,Cafe,car,43.4,9662.7,767,Wednesday,17,25-34,F,sunny
1875,2025-06-17 16:25:36,31.994309,35.922819,Cafe,Airport,car,49.41,25118.0,1822,Tuesday,16,55+,F,sunny
1876,2025-08-14 11:40:53,31.996871,35.980757,Work,Home,bus,25.29,14529.5,2078,Thursday,11,18-24,M,rain
1877,2025-08-18 00:06:20,31.938135,35.9735,Mall,Home,car,29.5,14594.6,1821,Monday,0,25-34,M,sunny
1878,2025-06-22 05:54:50,31.948723,35.95229,Work,Station,walk,5.32,1997.7,1362,Sunday,5,18-24,F,sunny
1879,2025-06-27 07:05:28,31.904497,35.899019,Park,Mall,car,34.82,1489.1,154,Friday,7,25-34,F,cloudy
1880,2025-07-14 06:25:38,31.930824,35.939112,Mall,Cafe,walk,4.3,1476.9,1198,Monday,6,35-44,M,hot
1881,2025-07-23 03:25:31,31.983946,35.954051,Station,Station,bus,21.37,32063.5,5388,Wednesday,3,35-44,F,sunny
1882,2025-07-31 21:10:11,32.003467,35.950266,Home,Station,taxi,44.83,9676.7,788,Thursday,21,35-44,M,sunny
1883,2025-09-05 05:10:52,31.91797,35.889686,Market,University,car,37.75,3638.1,357,Friday,5,45-54,M,hot
1884,2025-08-18 23:24:31,31.937226,35.91829,Work,Cafe,car,29.42,8634.1,1057,Monday,23,18-24,M,sunny
1885,2025-07-14 15:26:16,31.954208,35.943078,Park,Mall,walk,6.21,1605.8,902,Monday,15,25-34,F,sunny
1886,2025-06-27 05:20:36,31.963405,35.961089,Home,Park,car,36.31,13839.9,1351,Friday,5,35-44,F,sunny
1887,2025-09-07 02:34:01,31.930712,35.879116,Park,Work,bus,34.07,14952.0,1592,Sunday,2,25-34,F,windy
1888,2025-07-13 05:00:24,31.967722,35.940136,Airport,Home,walk,7.0,1479.2,744,Sunday,5,18-24,M,hot
1889,2025-08-10 23:18:59,31.940785,35.949291,Mall,Cafe,bike,17.97,5134.7,1067,Sunday,23,25-34,F,rain
1890,2025-07-06 09:02:35,31.954566,35.970488,Station,Market,car,55.25,20806.5,1385,Sunday,9,25-34,M,sunny
1891,2025-06-28 16:14:02,31.971389,35.965786,Cafe,Station,car,49.68,5706.9,403,Saturday,16,25-34,M,sunny
1892,2025-06-30 10:36:22,31.955193,35.962477,Market,Airport,car,36.97,26632.7,2627,Monday,10,35-44,M,sunny
1893,2025-08-22 22:49:58,31.941908,35.921002,Home,Home,scooter,15.81,6200.3,1368,Friday,22,25-34,M,rain
1894,2025-08-10 04:07:18,31.951712,35.88776,Work,Cafe,walk,4.58,814.4,689,Sunday,4,<18,F,windy
1895,2025-07-24 01:57:07,31.952349,35.933208,Cafe,University,car,37.17,20388.3,2024,Thursday,1,18-24,M,sunny
1896,2025-08-05 02:04:19,31.9439,35.975049,Mall,Airport,car,52.91,9939.5,700,Tuesday,2,45-54,F,cloudy
1897,2025-07-29 00:42:51,31.947236,35.986804,Cafe,Airport,walk,4.41,1252.9,977,Tuesday,0,55+,M,sunny
1898,2025-08-04 00:45:49,32.002959,35.966316,Airport,University,car,27.16,20051.5,2692,Monday,0,35-44,M,sunny
1899,2025-08-15 10:10:10,31.971828,35.95788,Home,Market,walk,5.25,1413.1,937,Friday,10,25-34,F,cloudy
1900,2025-07-06 07:29:40,31.946136,35.956389,Airport,Cafe,walk,5.04,1869.9,1332,Sunday,7,45-54,M,sunny
1901,2025-07-08 22:15:03,31.975909,35.928316,Station,University,walk,4.05,1099.2,1017,Tuesday,22,35-44,F,sunny
1902,2025-08-23 13:57:46,31.944985,35.941098,Hospital,Hospital,scooter,17.94,5430.3,1118,Saturday,13,35-44,F,sunny
1903,2025-09-03 05:41:50,31.990194,35.995072,Home,Airport,car,55.63,29168.6,1847,Wednesday,5,35-44,M,rain
1904,2025-06-24 00:33:55,31.966089,35.916723,Station,Home,bus,33.83,35373.8,3716,Tuesday,0,25-34,F,rain
1905,2025-07-26 20:42:04,31.951781,35.993443,Home,Hospital,car,36.62,8418.9,794,Saturday,20,25-34,M,windy
1906,2025-08-18 23:51:37,31.968432,35.935339,Hospital,Home,car,32.02,6127.7,693,Monday,23,18-24,F,cloudy
1907,2025-06-23 16:25:38,31.907874,35.984763,Market,Park,car,61.51,7590.1,435,Monday,16,18-24,M,sunny
1908,2025-08-06 10:19:47,31.921197,35.902796,Park,Station,taxi,58.06,21645.0,1382,Wednesday,10,35-44,M,sunny
1909,2025-06-22 05:07:22,31.919182,35.962577,Home,Cafe,car,48.93,16089.2,1166,Sunday,5,45-54,M,hot
1910,2025-08-04 22:38:52,31.959288,35.922897,Hospital,Work,car,37.61,11081.2,1102,Monday,22,35-44,M,sunny
1911,2025-08-01 03:34:39,32.006975,35.902542,Market,Work,walk,3.99,289.6,271,Friday,3,25-34,F,cloudy
1912,2025-08-07 04:45:40,32.021939,35.951556,Cafe,Station,car,31.92,24699.6,2803,Thursday,4,18-24,F,cloudy
1913,2025-06-30 03:24:24,31.974142,35.975284,Home,Park,car,37.5,2324.6,252,Monday,3,18-24,F,rain
1914,2025-07-16 04:27:34,31.970025,35.919652,Park,University,scooter,17.51,7923.2,1655,Wednesday,4,25-34,M,sunny
1915,2025-08-02 11:39:47,31.900968,35.90003,Airport,Cafe,bike,14.9,4799.7,1189,Saturday,11,25-34,F,sunny
1916,2025-06-27 02:48:14,31.93872,35.942245,Cafe,Mall,bike,14.75,3571.7,817,Friday,2,25-34,M,cloudy
1917,2025-07-05 03:23:33,31.931366,35.942377,Cafe,Hospital,car,30.17,24135.9,2839,Saturday,3,<18,M,rain
1918,2025-08-08 03:19:28,31.936375,35.96145,Home,Airport,walk,3.86,1950.6,1808,Friday,3,55+,M,cloudy
1919,2025-06-24 20:09:34,31.949956,35.973488,Mall,Station,walk,4.61,169.5,153,Tuesday,20,25-34,M,sunny
1920,2025-08-01 14:08:10,31.940837,35.943218,Market,Work,bus,29.13,30850.1,3752,Friday,14,35-44,F,sunny
1921,2025-08-28 10:30:01,31.895621,36.000665,Station,Mall,car,54.59,21227.4,1441,Thursday,10,25-34,M,cloudy
1922,2025-07-27 11:08:21,31.977437,35.951727,Airport,Work,bus,32.16,36485.2,4035,Sunday,11,18-24,M,cloudy
1923,2025-08-01 20:20:27,31.922818,35.934607,Work,Park,bus,31.85,20057.2,2312,Friday,20,35-44,F,cloudy
1924,2025-07-27 18:24:36,31.962177,35.896653,Home,Mall,bike,15.93,2810.9,593,Sunday,18,35-44,F,sunny
1925,2025-06-21 20:26:13,32.017222,35.93712,Cafe,University,car,51.62,18698.0,1304,Saturday,20,25-34,F,windy
1926,2025-07-28 06:27:45,31.927418,35.934908,Park,Work,walk,9.73,453.6,225,Monday,6,25-34,M,sunny
1927,2025-08-28 06:39:45,31.879091,35.973809,University,Hospital,scooter,17.14,6391.9,1358,Thursday,6,18-24,F,cloudy
1928,2025-08-20 18:00:37,31.94642,35.958875,Park,University,car,60.48,7948.5,468,Wednesday,18,35-44,M,sunny
1929,2025-07-22 06:58:29,31.988029,35.909619,Home,University,car,25.93,26383.8,3614,Tuesday,6,45-54,M,sunny
1930,2025-08-29 03:15:52,32.01375,35.950168,University,Airport,car,36.81,15150.9,1429,Friday,3,18-24,F,rain
1931,2025-08-22 18:39:47,31.918114,35.965146,Home,Park,car,29.23,29697.9,3630,Friday,18,18-24,F,sunny
1932,2025-08-07 16:52:40,31.969901,35.990841,Park,Mall,bike,16.99,4502.8,922,Thursday,16,45-54,F,sunny
1933,2025-06-20 17:33:05,31.941041,35.971625,Park,Mall,car,49.58,8981.4,639,Friday,17,18-24,M,sunny
1934,2025-07-17 15:54:28,31.951822,35.967825,Cafe,Work,bus,19.74,33170.4,5999,Thursday,15,35-44,F,cloudy
1935,2025-06-22 09:26:49,32.03433,35.946803,Market,Mall,bus,38.77,4767.0,459,Sunday,9,25-34,F,sunny
1936,2025-09-14 03:01:57,31.909911,35.956649,University,Work,car,43.35,11100.7,865,Sunday,3,25-34,M,sunny
1937,2025-09-08 18:25:27,31.962612,35.982485,Station,Hospital,car,48.23,6633.1,527,Monday,18,25-34,M,windy
1938,2025-06-22 20:48:24,31.969031,35.905017,Park,Station,bus,40.09,15535.7,1384,Sunday,20,18-24,F,sunny
1939,2025-09-08 16:40:50,31.987574,35.934517,Home,Hospital,walk,5.83,754.7,525,Monday,16,<18,M,sunny
1940,2025-06-19 12:16:22,31.957939,35.921823,Work,Work,bus,18.41,13744.1,2678,Thursday,12,35-44,F,sunny
1941,2025-07-23 10:52:41,31.964242,35.956375,Home,Cafe,walk,4.5,471.5,395,Wednesday,10,35-44,M,hot
1942,2025-08-24 20:42:18,31.943251,35.981907,Market,Home,car,26.64,28914.5,3930,Sunday,20,35-44,F,sunny
1943,2025-08-24 13:54:48,31.963074,35.927091,Work,Work,car,20.61,7708.3,1352,Sunday,13,25-34,F,cloudy
1944,2025-09-12 16:55:31,31.944704,35.873291,Home,Park,car,28.65,19436.9,2418,Friday,16,18-24,M,sunny
1945,2025-08-13 18:49:41,31.973647,35.932633,Mall,Work,bus,27.28,4116.9,574,Wednesday,18,<18,F,rain
1946,2025-07-24 11:42:26,31.943912,35.972404,Home,Home,walk,7.34,1845.2,921,Thursday,11,35-44,M,cloudy
1947,2025-09-14 00:17:44,31.966313,35.961129,Station,University,car,39.51,18796.2,1659,Sunday,0,25-34,M,sunny
1948,2025-07-21 01:52:53,31.954122,35.957846,Hospital,Home,car,43.43,14058.7,1204,Monday,1,25-34,M,sunny
1949,2025-09-02 22:06:19,31.988782,35.9366,Cafe,Park,bus,25.67,19330.6,2754,Tuesday,22,18-24,M,rain
1950,2025-09-06 06:20:34,31.953458,35.906629,Park,Hospital,walk,4.73,1654.9,1221,Saturday,6,18-24,F,sunny
1951,2025-07-20 11:07:11,31.901809,35.960459,Market,Work,bus,30.38,35469.3,4224,Sunday,11,25-34,F,windy
1952,2025-08-17 02:25:23,31.992858,35.919972,University,University,car,37.18,7308.9,710,Sunday,2,35-44,M,sunny
1953,2025-08-15 05:11:50,31.927828,36.010523,Home,Cafe,walk,5.66,584.7,367,Friday,5,45-54,M,cloudy
1954,2025-08-04 04:36:50,31.935387,35.962115,Mall,Station,bus,24.85,9295.4,1287,Monday,4,45-54,M,sunny
1955,2025-08-14 11:21:33,31.93713,35.927581,Mall,Airport,walk,3.32,1760.8,1874,Thursday,11,45-54,F,cloudy
1956,2025-07-17 22:54:30,31.996233,35.926658,University,Hospital,car,24.1,18934.9,2876,Thursday,22,45-54,F,sunny
1957,2025-07-02 17:13:42,31.89093,35.942212,Park,Hospital,walk,6.05,1912.5,1162,Wednesday,17,25-34,F,sunny
1958,2025-08-04 00:12:13,32.049132,35.937815,Park,Airport,car,16.18,4283.2,1011,Monday,0,18-24,F,sunny
1959,2025-08-03 06:01:31,31.986682,35.978505,Home,Work,car,37.55,2441.8,276,Sunday,6,35-44,M,sunny
1960,2025-08-21 03:53:56,31.961697,35.950592,Airport,Park,car,28.98,19992.2,2489,Thursday,3,18-24,M,sunny
1961,2025-07-06 16:44:11,31.953353,35.923051,Hospital,Park,car,45.92,13377.1,1024,Sunday,16,18-24,F,sunny
1962,2025-06-16 23:13:40,31.963567,36.001713,Cafe,Park,car,39.81,11338.0,989,Monday,23,18-24,F,rain
1963,2025-06-18 16:50:01,31.970634,35.946479,Hospital,Market,walk,5.01,813.0,528,Wednesday,16,25-34,F,sunny
1964,2025-07-13 12:11:22,31.974356,35.968065,Cafe,University,car,40.9,12190.0,1112,Sunday,12,25-34,F,cloudy
1965,2025-08-16 06:29:06,31.971668,35.926753,Hospital,Cafe,taxi,40.56,13726.8,1234,Saturday,6,18-24,F,sunny
1966,2025-08-04 15:43:38,31.957687,35.955893,Mall,Cafe,bus,18.77,12290.2,2362,Monday,15,25-34,F,sunny
1967,2025-08-03 12:42:07,31.94908,35.954333,Cafe,Home,walk,4.41,1066.5,876,Sunday,12,45-54,F,sunny
1968,2025-08-29 18:11:02,31.950462,35.888311,Cafe,Market,walk,3.95,210.8,221,Friday,18,25-34,F,hot
1969,2025-07-08 22:21:05,31.949153,36.005458,Market,Airport,taxi,32.8,21099.5,2284,Tuesday,22,45-54,M,rain
1970,2025-07-17 19:25:50,31.989013,35.983719,Hospital,Mall,car,40.71,2792.3,264,Thursday,19,18-24,M,sunny
1971,2025-07-11 11:07:44,31.972807,35.933084,Home,Work,car,48.78,19881.3,1428,Friday,11,18-24,M,cloudy
1972,2025-09-09 00:31:54,31.866788,35.911932,Cafe,Market,bus,36.71,29823.8,2950,Tuesday,0,25-34,F,sunny
1973,2025-08-20 21:46:38,31.974677,35.955427,Airport,Park,car,42.39,4964.0,365,Wednesday,21,25-34,M,sunny
1974,2025-06-26 19:28:11,31.960842,35.947601,Mall,University,car,35.67,10845.7,1080,Thursday,19,35-44,M,sunny
1975,2025-08-28 12:11:54,31.954439,35.95567,Station,Hospital,taxi,40.05,29055.4,2581,Thursday,12,35-44,M,sunny
1976,2025-07-24 09:17:06,31.943344,35.950747,Home,Airport,car,46.97,3578.8,297,Thursday,9,35-44,F,sunny
1977,2025-08-24 14:24:03,31.988723,35.960187,Hospital,Airport,walk,4.13,1297.4,1070,Sunday,14,45-54,M,cloudy
1978,2025-09-04 04:38:23,31.983426,35.988419,Park,University,walk,4.96,249.5,141,Thursday,4,25-34,M,sunny
1979,2025-06-18 01:31:13,31.931814,35.962043,Hospital,Work,walk,4.34,1522.6,1213,Wednesday,1,18-24,M,cloudy
1980,2025-07-05 04:51:42,31.967212,35.91351,Market,University,bus,24.08,8230.6,1205,Saturday,4,25-34,F,sunny
1981,2025-06-25 17:39:44,31.92585,35.985877,Home,Station,bike,14.71,7845.8,1959,Wednesday,17,18-24,M,sunny
1982,2025-06-19 16:15:01,31.913611,35.994218,Mall,Home,walk,4.49,309.7,239,Thursday,16,18-24,M,cloudy
1983,2025-08-09 10:56:27,31.936198,36.039562,Market,Mall,taxi,42.61,10052.7,834,Saturday,10,18-24,F,rain
1984,2025-08-18 22:49:25,31.980872,35.911295,University,Market,walk,4.5,1462.8,1195,Monday,22,25-34,M,windy
1985,2025-06-21 00:51:59,31.983594,35.952286,Mall,Airport,walk,4.78,604.1,444,Saturday,0,18-24,M,sunny
1986,2025-08-22 07:17:39,31.970393,35.882537,Cafe,Station,walk,3.31,957.9,1032,Friday,7,<18,F,cloudy
1987,2025-07-22 20:37:07,31.976753,35.961594,University,Hospital,walk,5.9,1080.0,673,Tuesday,20,35-44,M,cloudy
1988,2025-07-07 17:53:54,31.970485,35.928554,Park,Cafe,car,47.67,27922.8,2073,Monday,17,25-34,F,sunny
1989,2025-07-06 05:01:37,31.935756,36.002703,Market,Hospital,scooter,15.6,6331.2,1467,Sunday,5,35-44,M,sunny
1990,2025-09-02 09:22:58,31.967958,35.921762,Mall,Airport,bus,23.6,25609.3,3847,Tuesday,9,35-44,M,sunny
1991,2025-06-21 17:38:40,31.979012,35.894325,Work,Park,car,41.23,11858.6,1069,Saturday,17,18-24,F,sunny
1992,2025-08-01 00:08:26,31.977629,35.930862,Work,Park,car,34.84,22675.8,2373,Friday,0,18-24,F,sunny
1993,2025-07-12 16:32:04,31.990667,35.885735,Station,Mall,car,42.29,1049.4,37,Saturday,16,18-24,M,hot
1994,2025-08-29 01:49:25,31.976249,35.967533,University,Hospital,walk,6.62,1309.1,768,Friday,1,35-44,M,sunny
1995,2025-08-21 11:48:11,31.965543,35.883048,Airport,Hospital,walk,4.0,982.8,835,Thursday,11,35-44,F,cloudy
1996,2025-07-15 08:33:27,31.987105,35.945854,Home,Hospital,taxi,48.29,29006.1,2172,Tuesday,8,18-24,F,cloudy
1997,2025-08-09 11:13:39,31.954204,35.882666,Hospital,Work,walk,3.81,500.6,449,Saturday,11,25-34,M,sunny
1998,2025-08-16 04:23:40,31.928544,35.935391,Cafe,Station,walk,4.13,1161.7,1044,Saturday,4,55+,F,sunny
1999,2025-07-15 12:21:43,31.950108,35.994301,Park,Airport,car,41.31,9796.4,899,Tuesday,12,25-34,M,sunny
2000,2025-07-13 19:32:12,31.932653,35.955819,Work,University,car,45.41,19518.5,1558,Sunday,19,35-44,M,cloudy
